{"owner":{"displayName":"Data Lake Administrator","email":null,"enabled":true,"groups":["admin","user"],"systemName":"dladmin"},"allowedActions":{"actions":[{"systemName":"accessTemplate","actions":[{"systemName":"editTemplate"},{"systemName":"deleteTemplate"},{"systemName":"exportTemplate"},{"systemName":"createFeedFromTemplate"},{"systemName":"changeTemplatePermissions"}]}]},"roleMemberships":[],"feedRoleMemberships":[],"properties":[{"processGroupName":"NiFi Flow","processorName":"Database","processorId":"ff66ed3f-b948-38ce-3012-8ad9401c861e","processGroupId":"c6171010-015f-1000-fd12-3c202b4eb85e","processorType":"com.thinkbiganalytics.nifi.v2.core.watermark.LoadHighWaterMark","key":"System feed category","value":"${metadata.category.systemName}","expressionProperties":null,"propertyDescriptor":{"name":"System feed category","displayName":null,"description":null,"defaultValue":null,"allowableValues":null,"required":null,"sensitive":null,"dynamic":null,"supportsEl":null,"identifiesControllerService":null},"templateValue":"${metadata.category.systemName}","userEditable":false,"renderType":"text","renderOptions":{},"selected":true,"inputProperty":true,"containsConfigurationVariables":false,"sensitive":false,"required":false,"templateProperty":null,"idKey":"c6171010-015f-1000-fd12-3c202b4eb85e-ff66ed3f-b948-38ce-3012-8ad9401c861e-System feed category","processorNameTypeKey":"Database-com.thinkbiganalytics.nifi.v2.core.watermark.LoadHighWaterMark-System feed category","nameKey":"NiFi Flow-Database-System feed category"},{"processGroupName":"NiFi Flow","processorName":"Database","processorId":"ff66ed3f-b948-38ce-3012-8ad9401c861e","processGroupId":"c6171010-015f-1000-fd12-3c202b4eb85e","processorType":"com.thinkbiganalytics.nifi.v2.core.watermark.LoadHighWaterMark","key":"System feed name","value":"${metadata.systemFeedName}","expressionProperties":null,"propertyDescriptor":{"name":"System feed name","displayName":null,"description":null,"defaultValue":null,"allowableValues":null,"required":null,"sensitive":null,"dynamic":null,"supportsEl":null,"identifiesControllerService":null},"templateValue":"${metadata.systemFeedName}","userEditable":false,"renderType":"text","renderOptions":{},"selected":true,"inputProperty":true,"containsConfigurationVariables":false,"sensitive":false,"required":false,"templateProperty":null,"idKey":"c6171010-015f-1000-fd12-3c202b4eb85e-ff66ed3f-b948-38ce-3012-8ad9401c861e-System feed name","processorNameTypeKey":"Database-com.thinkbiganalytics.nifi.v2.core.watermark.LoadHighWaterMark-System feed name","nameKey":"NiFi Flow-Database-System feed name"},{"processGroupName":"NiFi Flow","processorName":"Filesystem","processorId":"719e87ad-b373-38fe-4f3b-eab59d5f9abc","processGroupId":"c6171010-015f-1000-fd12-3c202b4eb85e","processorType":"org.apache.nifi.processors.standard.GetFile","key":"File Filter","value":"mydata\\d{1,3}.csv","expressionProperties":null,"propertyDescriptor":{"name":"File Filter","displayName":null,"description":null,"defaultValue":null,"allowableValues":null,"required":null,"sensitive":null,"dynamic":null,"supportsEl":null,"identifiesControllerService":null},"templateValue":"mydata\\d{1,3}.csv","userEditable":true,"renderType":"text","renderOptions":{},"selected":true,"inputProperty":true,"containsConfigurationVariables":false,"sensitive":false,"required":false,"templateProperty":null,"idKey":"c6171010-015f-1000-fd12-3c202b4eb85e-719e87ad-b373-38fe-4f3b-eab59d5f9abc-File Filter","processorNameTypeKey":"Filesystem-org.apache.nifi.processors.standard.GetFile-File Filter","nameKey":"NiFi Flow-Filesystem-File Filter"},{"processGroupName":"NiFi Flow","processorName":"Filesystem","processorId":"719e87ad-b373-38fe-4f3b-eab59d5f9abc","processGroupId":"c6171010-015f-1000-fd12-3c202b4eb85e","processorType":"org.apache.nifi.processors.standard.GetFile","key":"Input Directory","value":"/var/dropzone","expressionProperties":null,"propertyDescriptor":{"name":"Input Directory","displayName":null,"description":null,"defaultValue":null,"allowableValues":null,"required":null,"sensitive":null,"dynamic":null,"supportsEl":null,"identifiesControllerService":null},"templateValue":"/var/dropzone","userEditable":true,"renderType":"text","renderOptions":{},"selected":true,"inputProperty":true,"containsConfigurationVariables":false,"sensitive":false,"required":false,"templateProperty":null,"idKey":"c6171010-015f-1000-fd12-3c202b4eb85e-719e87ad-b373-38fe-4f3b-eab59d5f9abc-Input Directory","processorNameTypeKey":"Filesystem-org.apache.nifi.processors.standard.GetFile-Input Directory","nameKey":"NiFi Flow-Filesystem-Input Directory"},{"processGroupName":"NiFi Flow","processorName":"TriggerCleanup","processorId":"fed24daa-096b-313e-5e64-ecce04cd6308","processGroupId":"c6171010-015f-1000-fd12-3c202b4eb85e","processorType":"com.thinkbiganalytics.nifi.v2.metadata.TriggerCleanup","key":"System feed category","value":"${metadata.category.systemName}","expressionProperties":null,"propertyDescriptor":{"name":"System feed category","displayName":null,"description":null,"defaultValue":null,"allowableValues":null,"required":null,"sensitive":null,"dynamic":null,"supportsEl":null,"identifiesControllerService":null},"templateValue":"${metadata.category.systemName}","userEditable":false,"renderType":"text","renderOptions":{},"selected":true,"inputProperty":true,"containsConfigurationVariables":false,"sensitive":false,"required":false,"templateProperty":null,"idKey":"c6171010-015f-1000-fd12-3c202b4eb85e-fed24daa-096b-313e-5e64-ecce04cd6308-System feed category","processorNameTypeKey":"TriggerCleanup-com.thinkbiganalytics.nifi.v2.metadata.TriggerCleanup-System feed category","nameKey":"NiFi Flow-TriggerCleanup-System feed category"},{"processGroupName":"NiFi Flow","processorName":"TriggerCleanup","processorId":"fed24daa-096b-313e-5e64-ecce04cd6308","processGroupId":"c6171010-015f-1000-fd12-3c202b4eb85e","processorType":"com.thinkbiganalytics.nifi.v2.metadata.TriggerCleanup","key":"System feed name","value":"${metadata.systemFeedName}","expressionProperties":null,"propertyDescriptor":{"name":"System feed name","displayName":null,"description":null,"defaultValue":null,"allowableValues":null,"required":null,"sensitive":null,"dynamic":null,"supportsEl":null,"identifiesControllerService":null},"templateValue":"${metadata.systemFeedName}","userEditable":false,"renderType":"text","renderOptions":{},"selected":true,"inputProperty":true,"containsConfigurationVariables":false,"sensitive":false,"required":false,"templateProperty":null,"idKey":"c6171010-015f-1000-fd12-3c202b4eb85e-fed24daa-096b-313e-5e64-ecce04cd6308-System feed name","processorNameTypeKey":"TriggerCleanup-com.thinkbiganalytics.nifi.v2.metadata.TriggerCleanup-System feed name","nameKey":"NiFi Flow-TriggerCleanup-System feed name"},{"processGroupName":"NiFi Flow","processorName":"Failed - Release Highwater Mark","processorId":"83b7711f-dff2-39f1-c67a-f9a6122d8496","processGroupId":"c6171010-015f-1000-fd12-3c202b4eb85e","processorType":"com.thinkbiganalytics.nifi.v2.core.watermark.ReleaseHighWaterMark","key":"System feed category","value":"${metadata.category.systemName}","expressionProperties":null,"propertyDescriptor":{"name":"System feed category","displayName":null,"description":null,"defaultValue":null,"allowableValues":null,"required":null,"sensitive":null,"dynamic":null,"supportsEl":null,"identifiesControllerService":null},"templateValue":"${metadata.category.systemName}","userEditable":false,"renderType":"text","renderOptions":{},"selected":true,"inputProperty":false,"containsConfigurationVariables":false,"sensitive":false,"required":false,"templateProperty":null,"idKey":"c6171010-015f-1000-fd12-3c202b4eb85e-83b7711f-dff2-39f1-c67a-f9a6122d8496-System feed category","processorNameTypeKey":"Failed - Release Highwater Mark-com.thinkbiganalytics.nifi.v2.core.watermark.ReleaseHighWaterMark-System feed category","nameKey":"NiFi Flow-Failed - Release Highwater Mark-System feed category"},{"processGroupName":"NiFi Flow","processorName":"Failed - Release Highwater Mark","processorId":"83b7711f-dff2-39f1-c67a-f9a6122d8496","processGroupId":"c6171010-015f-1000-fd12-3c202b4eb85e","processorType":"com.thinkbiganalytics.nifi.v2.core.watermark.ReleaseHighWaterMark","key":"System feed name","value":"${metadata.systemFeedName}","expressionProperties":null,"propertyDescriptor":{"name":"System feed name","displayName":null,"description":null,"defaultValue":null,"allowableValues":null,"required":null,"sensitive":null,"dynamic":null,"supportsEl":null,"identifiesControllerService":null},"templateValue":"${metadata.systemFeedName}","userEditable":false,"renderType":"text","renderOptions":{},"selected":true,"inputProperty":false,"containsConfigurationVariables":false,"sensitive":false,"required":false,"templateProperty":null,"idKey":"c6171010-015f-1000-fd12-3c202b4eb85e-83b7711f-dff2-39f1-c67a-f9a6122d8496-System feed name","processorNameTypeKey":"Failed - Release Highwater Mark-com.thinkbiganalytics.nifi.v2.core.watermark.ReleaseHighWaterMark-System feed name","nameKey":"NiFi Flow-Failed - Release Highwater Mark-System feed name"},{"processGroupName":"NiFi Flow","processorName":"Fetch RDBMS Data","processorId":"a3eb6450-1f53-3e1e-c04a-c8f9f7b7e321","processGroupId":"c6171010-015f-1000-fd12-3c202b4eb85e","processorType":"com.thinkbiganalytics.nifi.v2.ingest.GetTableData","key":"Date Field","value":null,"expressionProperties":null,"propertyDescriptor":{"name":"Date Field","displayName":null,"description":null,"defaultValue":null,"allowableValues":null,"required":null,"sensitive":null,"dynamic":null,"supportsEl":null,"identifiesControllerService":null},"templateValue":null,"userEditable":true,"renderType":"text","renderOptions":{},"selected":true,"inputProperty":false,"containsConfigurationVariables":false,"sensitive":false,"required":false,"templateProperty":null,"idKey":"c6171010-015f-1000-fd12-3c202b4eb85e-a3eb6450-1f53-3e1e-c04a-c8f9f7b7e321-Date Field","processorNameTypeKey":"Fetch RDBMS Data-com.thinkbiganalytics.nifi.v2.ingest.GetTableData-Date Field","nameKey":"NiFi Flow-Fetch RDBMS Data-Date Field"},{"processGroupName":"NiFi Flow","processorName":"Fetch RDBMS Data","processorId":"a3eb6450-1f53-3e1e-c04a-c8f9f7b7e321","processGroupId":"c6171010-015f-1000-fd12-3c202b4eb85e","processorType":"com.thinkbiganalytics.nifi.v2.ingest.GetTableData","key":"Load Strategy","value":"FULL_LOAD","expressionProperties":null,"propertyDescriptor":{"name":"Load Strategy","displayName":null,"description":null,"defaultValue":null,"allowableValues":null,"required":null,"sensitive":null,"dynamic":null,"supportsEl":null,"identifiesControllerService":null},"templateValue":"FULL_LOAD","userEditable":true,"renderType":"text","renderOptions":{},"selected":true,"inputProperty":false,"containsConfigurationVariables":false,"sensitive":false,"required":false,"templateProperty":null,"idKey":"c6171010-015f-1000-fd12-3c202b4eb85e-a3eb6450-1f53-3e1e-c04a-c8f9f7b7e321-Load Strategy","processorNameTypeKey":"Fetch RDBMS Data-com.thinkbiganalytics.nifi.v2.ingest.GetTableData-Load Strategy","nameKey":"NiFi Flow-Fetch RDBMS Data-Load Strategy"},{"processGroupName":"NiFi Flow","processorName":"Fetch RDBMS Data","processorId":"a3eb6450-1f53-3e1e-c04a-c8f9f7b7e321","processGroupId":"c6171010-015f-1000-fd12-3c202b4eb85e","processorType":"com.thinkbiganalytics.nifi.v2.ingest.GetTableData","key":"Output Type","value":"DELIMITED","expressionProperties":null,"propertyDescriptor":{"name":"Output Type","displayName":"Output Type","description":"How should the results be returned.  Either a Delimited output such as CSV, or AVRO.  If delimited you must specify the delimiter.","defaultValue":"DELIMITED","allowableValues":[{"displayName":"DELIMITED","value":"DELIMITED","description":null},{"displayName":"AVRO","value":"AVRO","description":null}],"required":true,"sensitive":false,"dynamic":false,"supportsEl":false,"identifiesControllerService":null},"templateValue":"DELIMITED","userEditable":true,"renderType":"select","renderOptions":{},"selected":true,"inputProperty":false,"containsConfigurationVariables":false,"sensitive":false,"required":true,"templateProperty":null,"idKey":"c6171010-015f-1000-fd12-3c202b4eb85e-a3eb6450-1f53-3e1e-c04a-c8f9f7b7e321-Output Type","processorNameTypeKey":"Fetch RDBMS Data-com.thinkbiganalytics.nifi.v2.ingest.GetTableData-Output Type","nameKey":"NiFi Flow-Fetch RDBMS Data-Output Type"},{"processGroupName":"NiFi Flow","processorName":"Fetch RDBMS Data","processorId":"a3eb6450-1f53-3e1e-c04a-c8f9f7b7e321","processGroupId":"c6171010-015f-1000-fd12-3c202b4eb85e","processorType":"com.thinkbiganalytics.nifi.v2.ingest.GetTableData","key":"Source Database Connection","value":"","expressionProperties":null,"propertyDescriptor":{"name":"Source Database Connection","displayName":null,"description":null,"defaultValue":null,"allowableValues":[{"displayName":"Kylo MySQL","value":"53f4ba05-015e-1000-3536-926e2047bf84","description":null}],"required":null,"sensitive":null,"dynamic":null,"supportsEl":null,"identifiesControllerService":"org.apache.nifi.dbcp.DBCPService"},"templateValue":"","userEditable":true,"renderType":"select","renderOptions":{},"selected":true,"inputProperty":false,"containsConfigurationVariables":false,"sensitive":false,"required":false,"templateProperty":null,"idKey":"c6171010-015f-1000-fd12-3c202b4eb85e-a3eb6450-1f53-3e1e-c04a-c8f9f7b7e321-Source Database Connection","processorNameTypeKey":"Fetch RDBMS Data-com.thinkbiganalytics.nifi.v2.ingest.GetTableData-Source Database Connection","nameKey":"NiFi Flow-Fetch RDBMS Data-Source Database Connection"},{"processGroupName":"NiFi Flow","processorName":"Fetch RDBMS Data","processorId":"a3eb6450-1f53-3e1e-c04a-c8f9f7b7e321","processGroupId":"c6171010-015f-1000-fd12-3c202b4eb85e","processorType":"com.thinkbiganalytics.nifi.v2.ingest.GetTableData","key":"Source Fields","value":"${metadata.table.sourceFields}","expressionProperties":null,"propertyDescriptor":{"name":"Source Fields","displayName":null,"description":null,"defaultValue":null,"allowableValues":null,"required":null,"sensitive":null,"dynamic":null,"supportsEl":null,"identifiesControllerService":null},"templateValue":"${metadata.table.sourceFields}","userEditable":false,"renderType":"text","renderOptions":{},"selected":true,"inputProperty":false,"containsConfigurationVariables":false,"sensitive":false,"required":false,"templateProperty":null,"idKey":"c6171010-015f-1000-fd12-3c202b4eb85e-a3eb6450-1f53-3e1e-c04a-c8f9f7b7e321-Source Fields","processorNameTypeKey":"Fetch RDBMS Data-com.thinkbiganalytics.nifi.v2.ingest.GetTableData-Source Fields","nameKey":"NiFi Flow-Fetch RDBMS Data-Source Fields"},{"processGroupName":"NiFi Flow","processorName":"Fetch RDBMS Data","processorId":"a3eb6450-1f53-3e1e-c04a-c8f9f7b7e321","processGroupId":"c6171010-015f-1000-fd12-3c202b4eb85e","processorType":"com.thinkbiganalytics.nifi.v2.ingest.GetTableData","key":"Source Table","value":"${metadata.table.sourceTableSchema.name}","expressionProperties":null,"propertyDescriptor":{"name":"Source Table","displayName":null,"description":null,"defaultValue":null,"allowableValues":null,"required":null,"sensitive":null,"dynamic":null,"supportsEl":null,"identifiesControllerService":null},"templateValue":"${metadata.table.sourceTableSchema.name}","userEditable":false,"renderType":"select","renderOptions":{},"selected":true,"inputProperty":false,"containsConfigurationVariables":false,"sensitive":false,"required":false,"templateProperty":null,"idKey":"c6171010-015f-1000-fd12-3c202b4eb85e-a3eb6450-1f53-3e1e-c04a-c8f9f7b7e321-Source Table","processorNameTypeKey":"Fetch RDBMS Data-com.thinkbiganalytics.nifi.v2.ingest.GetTableData-Source Table","nameKey":"NiFi Flow-Fetch RDBMS Data-Source Table"},{"processGroupName":"NiFi Flow","processorName":"Fetch RDBMS Data","processorId":"a3eb6450-1f53-3e1e-c04a-c8f9f7b7e321","processGroupId":"c6171010-015f-1000-fd12-3c202b4eb85e","processorType":"com.thinkbiganalytics.nifi.v2.ingest.GetTableData","key":"System feed category","value":"${metadata.category.systemName}","expressionProperties":null,"propertyDescriptor":{"name":"System feed category","displayName":null,"description":null,"defaultValue":null,"allowableValues":null,"required":null,"sensitive":null,"dynamic":null,"supportsEl":null,"identifiesControllerService":null},"templateValue":"${metadata.category.systemName}","userEditable":false,"renderType":"text","renderOptions":{},"selected":true,"inputProperty":false,"containsConfigurationVariables":false,"sensitive":false,"required":false,"templateProperty":null,"idKey":"c6171010-015f-1000-fd12-3c202b4eb85e-a3eb6450-1f53-3e1e-c04a-c8f9f7b7e321-System feed category","processorNameTypeKey":"Fetch RDBMS Data-com.thinkbiganalytics.nifi.v2.ingest.GetTableData-System feed category","nameKey":"NiFi Flow-Fetch RDBMS Data-System feed category"},{"processGroupName":"NiFi Flow","processorName":"Fetch RDBMS Data","processorId":"a3eb6450-1f53-3e1e-c04a-c8f9f7b7e321","processGroupId":"c6171010-015f-1000-fd12-3c202b4eb85e","processorType":"com.thinkbiganalytics.nifi.v2.ingest.GetTableData","key":"System feed name","value":"${metadata.systemFeedName}","expressionProperties":null,"propertyDescriptor":{"name":"System feed name","displayName":null,"description":null,"defaultValue":null,"allowableValues":null,"required":null,"sensitive":null,"dynamic":null,"supportsEl":null,"identifiesControllerService":null},"templateValue":"${metadata.systemFeedName}","userEditable":false,"renderType":"text","renderOptions":{},"selected":true,"inputProperty":false,"containsConfigurationVariables":false,"sensitive":false,"required":false,"templateProperty":null,"idKey":"c6171010-015f-1000-fd12-3c202b4eb85e-a3eb6450-1f53-3e1e-c04a-c8f9f7b7e321-System feed name","processorNameTypeKey":"Fetch RDBMS Data-com.thinkbiganalytics.nifi.v2.ingest.GetTableData-System feed name","nameKey":"NiFi Flow-Fetch RDBMS Data-System feed name"},{"processGroupName":"NiFi Flow","processorName":"Initialize Cleanup Parameters","processorId":"2a2ed2fe-8c02-3091-0ab7-c03cfdcb5ef4","processGroupId":"c6171010-015f-1000-fd12-3c202b4eb85e","processorType":"org.apache.nifi.processors.attributes.UpdateAttribute","key":"category","value":"${metadata.category.systemName}","expressionProperties":null,"propertyDescriptor":{"name":"category","displayName":null,"description":null,"defaultValue":null,"allowableValues":null,"required":null,"sensitive":null,"dynamic":null,"supportsEl":null,"identifiesControllerService":null},"templateValue":"${metadata.category.systemName}","userEditable":false,"renderType":"text","renderOptions":{},"selected":true,"inputProperty":false,"containsConfigurationVariables":false,"sensitive":false,"required":false,"templateProperty":null,"idKey":"c6171010-015f-1000-fd12-3c202b4eb85e-2a2ed2fe-8c02-3091-0ab7-c03cfdcb5ef4-category","processorNameTypeKey":"Initialize Cleanup Parameters-org.apache.nifi.processors.attributes.UpdateAttribute-category","nameKey":"NiFi Flow-Initialize Cleanup Parameters-category"},{"processGroupName":"NiFi Flow","processorName":"Initialize Cleanup Parameters","processorId":"2a2ed2fe-8c02-3091-0ab7-c03cfdcb5ef4","processGroupId":"c6171010-015f-1000-fd12-3c202b4eb85e","processorType":"org.apache.nifi.processors.attributes.UpdateAttribute","key":"feed","value":"${metadata.systemFeedName}","expressionProperties":null,"propertyDescriptor":{"name":"feed","displayName":null,"description":null,"defaultValue":null,"allowableValues":null,"required":null,"sensitive":null,"dynamic":null,"supportsEl":null,"identifiesControllerService":null},"templateValue":"${metadata.systemFeedName}","userEditable":false,"renderType":"text","renderOptions":{},"selected":true,"inputProperty":false,"containsConfigurationVariables":false,"sensitive":false,"required":false,"templateProperty":null,"idKey":"c6171010-015f-1000-fd12-3c202b4eb85e-2a2ed2fe-8c02-3091-0ab7-c03cfdcb5ef4-feed","processorNameTypeKey":"Initialize Cleanup Parameters-org.apache.nifi.processors.attributes.UpdateAttribute-feed","nameKey":"NiFi Flow-Initialize Cleanup Parameters-feed"},{"processGroupName":"NiFi Flow","processorName":"Initialize Cleanup Parameters","processorId":"2a2ed2fe-8c02-3091-0ab7-c03cfdcb5ef4","processGroupId":"c6171010-015f-1000-fd12-3c202b4eb85e","processorType":"org.apache.nifi.processors.attributes.UpdateAttribute","key":"hdfs.ingest.root","value":"${config.hdfs.ingest.root}","expressionProperties":null,"propertyDescriptor":{"name":"hdfs.ingest.root","displayName":null,"description":null,"defaultValue":null,"allowableValues":null,"required":null,"sensitive":null,"dynamic":null,"supportsEl":null,"identifiesControllerService":null},"templateValue":"${config.hdfs.ingest.root}","userEditable":false,"renderType":"text","renderOptions":{},"selected":true,"inputProperty":false,"containsConfigurationVariables":false,"sensitive":false,"required":false,"templateProperty":null,"idKey":"c6171010-015f-1000-fd12-3c202b4eb85e-2a2ed2fe-8c02-3091-0ab7-c03cfdcb5ef4-hdfs.ingest.root","processorNameTypeKey":"Initialize Cleanup Parameters-org.apache.nifi.processors.attributes.UpdateAttribute-hdfs.ingest.root","nameKey":"NiFi Flow-Initialize Cleanup Parameters-hdfs.ingest.root"},{"processGroupName":"NiFi Flow","processorName":"Initialize Cleanup Parameters","processorId":"2a2ed2fe-8c02-3091-0ab7-c03cfdcb5ef4","processGroupId":"c6171010-015f-1000-fd12-3c202b4eb85e","processorType":"org.apache.nifi.processors.attributes.UpdateAttribute","key":"hive.ingest.root","value":"${config.hive.ingest.root}","expressionProperties":null,"propertyDescriptor":{"name":"hive.ingest.root","displayName":null,"description":null,"defaultValue":null,"allowableValues":null,"required":null,"sensitive":null,"dynamic":null,"supportsEl":null,"identifiesControllerService":null},"templateValue":"${config.hive.ingest.root}","userEditable":false,"renderType":"text","renderOptions":{},"selected":true,"inputProperty":false,"containsConfigurationVariables":false,"sensitive":false,"required":false,"templateProperty":null,"idKey":"c6171010-015f-1000-fd12-3c202b4eb85e-2a2ed2fe-8c02-3091-0ab7-c03cfdcb5ef4-hive.ingest.root","processorNameTypeKey":"Initialize Cleanup Parameters-org.apache.nifi.processors.attributes.UpdateAttribute-hive.ingest.root","nameKey":"NiFi Flow-Initialize Cleanup Parameters-hive.ingest.root"},{"processGroupName":"NiFi Flow","processorName":"Initialize Cleanup Parameters","processorId":"2a2ed2fe-8c02-3091-0ab7-c03cfdcb5ef4","processGroupId":"c6171010-015f-1000-fd12-3c202b4eb85e","processorType":"org.apache.nifi.processors.attributes.UpdateAttribute","key":"hive.master.root","value":"${config.hive.master.root}","expressionProperties":null,"propertyDescriptor":{"name":"hive.master.root","displayName":null,"description":null,"defaultValue":null,"allowableValues":null,"required":null,"sensitive":null,"dynamic":null,"supportsEl":null,"identifiesControllerService":null},"templateValue":"${config.hive.master.root}","userEditable":false,"renderType":"text","renderOptions":{},"selected":true,"inputProperty":false,"containsConfigurationVariables":false,"sensitive":false,"required":false,"templateProperty":null,"idKey":"c6171010-015f-1000-fd12-3c202b4eb85e-2a2ed2fe-8c02-3091-0ab7-c03cfdcb5ef4-hive.master.root","processorNameTypeKey":"Initialize Cleanup Parameters-org.apache.nifi.processors.attributes.UpdateAttribute-hive.master.root","nameKey":"NiFi Flow-Initialize Cleanup Parameters-hive.master.root"},{"processGroupName":"NiFi Flow","processorName":"Initialize Cleanup Parameters","processorId":"2a2ed2fe-8c02-3091-0ab7-c03cfdcb5ef4","processGroupId":"c6171010-015f-1000-fd12-3c202b4eb85e","processorType":"org.apache.nifi.processors.attributes.UpdateAttribute","key":"hive.profile.root","value":"${config.hive.profile.root}","expressionProperties":null,"propertyDescriptor":{"name":"hive.profile.root","displayName":null,"description":null,"defaultValue":null,"allowableValues":null,"required":null,"sensitive":null,"dynamic":null,"supportsEl":null,"identifiesControllerService":null},"templateValue":"${config.hive.profile.root}","userEditable":false,"renderType":"text","renderOptions":{},"selected":true,"inputProperty":false,"containsConfigurationVariables":false,"sensitive":false,"required":false,"templateProperty":null,"idKey":"c6171010-015f-1000-fd12-3c202b4eb85e-2a2ed2fe-8c02-3091-0ab7-c03cfdcb5ef4-hive.profile.root","processorNameTypeKey":"Initialize Cleanup Parameters-org.apache.nifi.processors.attributes.UpdateAttribute-hive.profile.root","nameKey":"NiFi Flow-Initialize Cleanup Parameters-hive.profile.root"},{"processGroupName":"NiFi Flow","processorName":"Initialize Feed Parameters","processorId":"38777a21-f46d-3f2d-3e4c-02e308ac0f0d","processGroupId":"c6171010-015f-1000-fd12-3c202b4eb85e","processorType":"org.apache.nifi.processors.attributes.UpdateAttribute","key":"category","value":"${metadata.category.systemName}","expressionProperties":null,"propertyDescriptor":{"name":"category","displayName":null,"description":null,"defaultValue":null,"allowableValues":null,"required":null,"sensitive":null,"dynamic":null,"supportsEl":null,"identifiesControllerService":null},"templateValue":"${metadata.category.systemName}","userEditable":false,"renderType":"text","renderOptions":{},"selected":true,"inputProperty":false,"containsConfigurationVariables":false,"sensitive":false,"required":false,"templateProperty":null,"idKey":"c6171010-015f-1000-fd12-3c202b4eb85e-38777a21-f46d-3f2d-3e4c-02e308ac0f0d-category","processorNameTypeKey":"Initialize Feed Parameters-org.apache.nifi.processors.attributes.UpdateAttribute-category","nameKey":"NiFi Flow-Initialize Feed Parameters-category"},{"processGroupName":"NiFi Flow","processorName":"Initialize Feed Parameters","processorId":"38777a21-f46d-3f2d-3e4c-02e308ac0f0d","processGroupId":"c6171010-015f-1000-fd12-3c202b4eb85e","processorType":"org.apache.nifi.processors.attributes.UpdateAttribute","key":"feed","value":"${metadata.systemFeedName}","expressionProperties":null,"propertyDescriptor":{"name":"feed","displayName":null,"description":null,"defaultValue":null,"allowableValues":null,"required":null,"sensitive":null,"dynamic":null,"supportsEl":null,"identifiesControllerService":null},"templateValue":"${metadata.systemFeedName}","userEditable":false,"renderType":"text","renderOptions":{},"selected":true,"inputProperty":false,"containsConfigurationVariables":false,"sensitive":false,"required":false,"templateProperty":null,"idKey":"c6171010-015f-1000-fd12-3c202b4eb85e-38777a21-f46d-3f2d-3e4c-02e308ac0f0d-feed","processorNameTypeKey":"Initialize Feed Parameters-org.apache.nifi.processors.attributes.UpdateAttribute-feed","nameKey":"NiFi Flow-Initialize Feed Parameters-feed"},{"processGroupName":"NiFi Flow","processorName":"Initialize Feed Parameters","processorId":"38777a21-f46d-3f2d-3e4c-02e308ac0f0d","processGroupId":"c6171010-015f-1000-fd12-3c202b4eb85e","processorType":"org.apache.nifi.processors.attributes.UpdateAttribute","key":"hdfs.archive.root","value":"${config.hdfs.archive.root}","expressionProperties":null,"propertyDescriptor":{"name":"hdfs.archive.root","displayName":"hdfs.archive.root","description":"","defaultValue":null,"allowableValues":null,"required":false,"sensitive":false,"dynamic":true,"supportsEl":true,"identifiesControllerService":null},"templateValue":"${config.hdfs.archive.root}","userEditable":false,"renderType":"text","renderOptions":{},"selected":true,"inputProperty":false,"containsConfigurationVariables":false,"sensitive":false,"required":false,"templateProperty":null,"idKey":"c6171010-015f-1000-fd12-3c202b4eb85e-38777a21-f46d-3f2d-3e4c-02e308ac0f0d-hdfs.archive.root","processorNameTypeKey":"Initialize Feed Parameters-org.apache.nifi.processors.attributes.UpdateAttribute-hdfs.archive.root","nameKey":"NiFi Flow-Initialize Feed Parameters-hdfs.archive.root"},{"processGroupName":"NiFi Flow","processorName":"Initialize Feed Parameters","processorId":"38777a21-f46d-3f2d-3e4c-02e308ac0f0d","processGroupId":"c6171010-015f-1000-fd12-3c202b4eb85e","processorType":"org.apache.nifi.processors.attributes.UpdateAttribute","key":"hdfs.ingest.root","value":"${config.hdfs.ingest.root}","expressionProperties":null,"propertyDescriptor":{"name":"hdfs.ingest.root","displayName":null,"description":null,"defaultValue":null,"allowableValues":null,"required":null,"sensitive":null,"dynamic":null,"supportsEl":null,"identifiesControllerService":null},"templateValue":"${config.hdfs.ingest.root}","userEditable":false,"renderType":"text","renderOptions":{},"selected":true,"inputProperty":false,"containsConfigurationVariables":false,"sensitive":false,"required":false,"templateProperty":null,"idKey":"c6171010-015f-1000-fd12-3c202b4eb85e-38777a21-f46d-3f2d-3e4c-02e308ac0f0d-hdfs.ingest.root","processorNameTypeKey":"Initialize Feed Parameters-org.apache.nifi.processors.attributes.UpdateAttribute-hdfs.ingest.root","nameKey":"NiFi Flow-Initialize Feed Parameters-hdfs.ingest.root"},{"processGroupName":"NiFi Flow","processorName":"Initialize Feed Parameters","processorId":"38777a21-f46d-3f2d-3e4c-02e308ac0f0d","processGroupId":"c6171010-015f-1000-fd12-3c202b4eb85e","processorType":"org.apache.nifi.processors.attributes.UpdateAttribute","key":"hive.ingest.root","value":"${config.hive.ingest.root}","expressionProperties":null,"propertyDescriptor":{"name":"hive.ingest.root","displayName":null,"description":null,"defaultValue":null,"allowableValues":null,"required":null,"sensitive":null,"dynamic":null,"supportsEl":null,"identifiesControllerService":null},"templateValue":"${config.hive.ingest.root}","userEditable":false,"renderType":"text","renderOptions":{},"selected":true,"inputProperty":false,"containsConfigurationVariables":false,"sensitive":false,"required":false,"templateProperty":null,"idKey":"c6171010-015f-1000-fd12-3c202b4eb85e-38777a21-f46d-3f2d-3e4c-02e308ac0f0d-hive.ingest.root","processorNameTypeKey":"Initialize Feed Parameters-org.apache.nifi.processors.attributes.UpdateAttribute-hive.ingest.root","nameKey":"NiFi Flow-Initialize Feed Parameters-hive.ingest.root"},{"processGroupName":"NiFi Flow","processorName":"Initialize Feed Parameters","processorId":"38777a21-f46d-3f2d-3e4c-02e308ac0f0d","processGroupId":"c6171010-015f-1000-fd12-3c202b4eb85e","processorType":"org.apache.nifi.processors.attributes.UpdateAttribute","key":"hive.master.root","value":"${config.hive.master.root}","expressionProperties":null,"propertyDescriptor":{"name":"hive.master.root","displayName":null,"description":null,"defaultValue":null,"allowableValues":null,"required":null,"sensitive":null,"dynamic":null,"supportsEl":null,"identifiesControllerService":null},"templateValue":"${config.hive.master.root}","userEditable":false,"renderType":"text","renderOptions":{},"selected":true,"inputProperty":false,"containsConfigurationVariables":false,"sensitive":false,"required":false,"templateProperty":null,"idKey":"c6171010-015f-1000-fd12-3c202b4eb85e-38777a21-f46d-3f2d-3e4c-02e308ac0f0d-hive.master.root","processorNameTypeKey":"Initialize Feed Parameters-org.apache.nifi.processors.attributes.UpdateAttribute-hive.master.root","nameKey":"NiFi Flow-Initialize Feed Parameters-hive.master.root"},{"processGroupName":"NiFi Flow","processorName":"Initialize Feed Parameters","processorId":"38777a21-f46d-3f2d-3e4c-02e308ac0f0d","processGroupId":"c6171010-015f-1000-fd12-3c202b4eb85e","processorType":"org.apache.nifi.processors.attributes.UpdateAttribute","key":"hive.profile.root","value":"${config.hive.profile.root}","expressionProperties":null,"propertyDescriptor":{"name":"hive.profile.root","displayName":null,"description":null,"defaultValue":null,"allowableValues":null,"required":null,"sensitive":null,"dynamic":null,"supportsEl":null,"identifiesControllerService":null},"templateValue":"${config.hive.profile.root}","userEditable":false,"renderType":"text","renderOptions":{},"selected":true,"inputProperty":false,"containsConfigurationVariables":false,"sensitive":false,"required":false,"templateProperty":null,"idKey":"c6171010-015f-1000-fd12-3c202b4eb85e-38777a21-f46d-3f2d-3e4c-02e308ac0f0d-hive.profile.root","processorNameTypeKey":"Initialize Feed Parameters-org.apache.nifi.processors.attributes.UpdateAttribute-hive.profile.root","nameKey":"NiFi Flow-Initialize Feed Parameters-hive.profile.root"},{"processGroupName":"NiFi Flow","processorName":"Initialize Feed Parameters","processorId":"38777a21-f46d-3f2d-3e4c-02e308ac0f0d","processGroupId":"c6171010-015f-1000-fd12-3c202b4eb85e","processorType":"org.apache.nifi.processors.attributes.UpdateAttribute","key":"metadata.table.feedFieldStructure","value":"${metadata.table.feedFieldStructure}","expressionProperties":null,"propertyDescriptor":{"name":"metadata.table.feedFieldStructure","displayName":null,"description":null,"defaultValue":null,"allowableValues":null,"required":null,"sensitive":null,"dynamic":null,"supportsEl":null,"identifiesControllerService":null},"templateValue":"${metadata.table.feedFieldStructure}","userEditable":false,"renderType":"text","renderOptions":{},"selected":true,"inputProperty":false,"containsConfigurationVariables":false,"sensitive":false,"required":false,"templateProperty":null,"idKey":"c6171010-015f-1000-fd12-3c202b4eb85e-38777a21-f46d-3f2d-3e4c-02e308ac0f0d-metadata.table.feedFieldStructure","processorNameTypeKey":"Initialize Feed Parameters-org.apache.nifi.processors.attributes.UpdateAttribute-metadata.table.feedFieldStructure","nameKey":"NiFi Flow-Initialize Feed Parameters-metadata.table.feedFieldStructure"},{"processGroupName":"NiFi Flow","processorName":"Initialize Feed Parameters","processorId":"38777a21-f46d-3f2d-3e4c-02e308ac0f0d","processGroupId":"c6171010-015f-1000-fd12-3c202b4eb85e","processorType":"org.apache.nifi.processors.attributes.UpdateAttribute","key":"metadata.table.feedFormat","value":"${metadata.table.feedFormat}","expressionProperties":null,"propertyDescriptor":{"name":"metadata.table.feedFormat","displayName":null,"description":null,"defaultValue":null,"allowableValues":null,"required":null,"sensitive":null,"dynamic":null,"supportsEl":null,"identifiesControllerService":null},"templateValue":"${metadata.table.feedFormat}","userEditable":false,"renderType":"text","renderOptions":{},"selected":true,"inputProperty":false,"containsConfigurationVariables":false,"sensitive":false,"required":false,"templateProperty":null,"idKey":"c6171010-015f-1000-fd12-3c202b4eb85e-38777a21-f46d-3f2d-3e4c-02e308ac0f0d-metadata.table.feedFormat","processorNameTypeKey":"Initialize Feed Parameters-org.apache.nifi.processors.attributes.UpdateAttribute-metadata.table.feedFormat","nameKey":"NiFi Flow-Initialize Feed Parameters-metadata.table.feedFormat"},{"processGroupName":"NiFi Flow","processorName":"Initialize Feed Parameters","processorId":"38777a21-f46d-3f2d-3e4c-02e308ac0f0d","processGroupId":"c6171010-015f-1000-fd12-3c202b4eb85e","processorType":"org.apache.nifi.processors.attributes.UpdateAttribute","key":"metadata.table.fieldIndexString","value":"${metadata.table.fieldIndexString}","expressionProperties":null,"propertyDescriptor":{"name":"metadata.table.fieldIndexString","displayName":null,"description":null,"defaultValue":null,"allowableValues":null,"required":null,"sensitive":null,"dynamic":null,"supportsEl":null,"identifiesControllerService":null},"templateValue":"${metadata.table.fieldIndexString}","userEditable":false,"renderType":"text","renderOptions":{},"selected":true,"inputProperty":false,"containsConfigurationVariables":false,"sensitive":false,"required":false,"templateProperty":null,"idKey":"c6171010-015f-1000-fd12-3c202b4eb85e-38777a21-f46d-3f2d-3e4c-02e308ac0f0d-metadata.table.fieldIndexString","processorNameTypeKey":"Initialize Feed Parameters-org.apache.nifi.processors.attributes.UpdateAttribute-metadata.table.fieldIndexString","nameKey":"NiFi Flow-Initialize Feed Parameters-metadata.table.fieldIndexString"},{"processGroupName":"NiFi Flow","processorName":"Initialize Feed Parameters","processorId":"38777a21-f46d-3f2d-3e4c-02e308ac0f0d","processGroupId":"c6171010-015f-1000-fd12-3c202b4eb85e","processorType":"org.apache.nifi.processors.attributes.UpdateAttribute","key":"metadata.table.fieldPoliciesJson","value":"${metadata.table.fieldPoliciesJson}","expressionProperties":null,"propertyDescriptor":{"name":"metadata.table.fieldPoliciesJson","displayName":null,"description":null,"defaultValue":null,"allowableValues":null,"required":null,"sensitive":null,"dynamic":null,"supportsEl":null,"identifiesControllerService":null},"templateValue":"${metadata.table.fieldPoliciesJson}","userEditable":false,"renderType":"text","renderOptions":{},"selected":true,"inputProperty":false,"containsConfigurationVariables":false,"sensitive":false,"required":false,"templateProperty":null,"idKey":"c6171010-015f-1000-fd12-3c202b4eb85e-38777a21-f46d-3f2d-3e4c-02e308ac0f0d-metadata.table.fieldPoliciesJson","processorNameTypeKey":"Initialize Feed Parameters-org.apache.nifi.processors.attributes.UpdateAttribute-metadata.table.fieldPoliciesJson","nameKey":"NiFi Flow-Initialize Feed Parameters-metadata.table.fieldPoliciesJson"},{"processGroupName":"NiFi Flow","processorName":"Initialize Feed Parameters","processorId":"38777a21-f46d-3f2d-3e4c-02e308ac0f0d","processGroupId":"c6171010-015f-1000-fd12-3c202b4eb85e","processorType":"org.apache.nifi.processors.attributes.UpdateAttribute","key":"metadata.table.fieldStructure","value":"${metadata.table.fieldStructure}","expressionProperties":null,"propertyDescriptor":{"name":"metadata.table.fieldStructure","displayName":null,"description":null,"defaultValue":null,"allowableValues":null,"required":null,"sensitive":null,"dynamic":null,"supportsEl":null,"identifiesControllerService":null},"templateValue":"${metadata.table.fieldStructure}","userEditable":false,"renderType":"text","renderOptions":{},"selected":true,"inputProperty":false,"containsConfigurationVariables":false,"sensitive":false,"required":false,"templateProperty":null,"idKey":"c6171010-015f-1000-fd12-3c202b4eb85e-38777a21-f46d-3f2d-3e4c-02e308ac0f0d-metadata.table.fieldStructure","processorNameTypeKey":"Initialize Feed Parameters-org.apache.nifi.processors.attributes.UpdateAttribute-metadata.table.fieldStructure","nameKey":"NiFi Flow-Initialize Feed Parameters-metadata.table.fieldStructure"},{"processGroupName":"NiFi Flow","processorName":"Initialize Feed Parameters","processorId":"38777a21-f46d-3f2d-3e4c-02e308ac0f0d","processGroupId":"c6171010-015f-1000-fd12-3c202b4eb85e","processorType":"org.apache.nifi.processors.attributes.UpdateAttribute","key":"metadata.table.partitionSpecs","value":"${metadata.table.partitionSpecs}","expressionProperties":null,"propertyDescriptor":{"name":"metadata.table.partitionSpecs","displayName":null,"description":null,"defaultValue":null,"allowableValues":null,"required":null,"sensitive":null,"dynamic":null,"supportsEl":null,"identifiesControllerService":null},"templateValue":"${metadata.table.partitionSpecs}","userEditable":false,"renderType":"text","renderOptions":{},"selected":true,"inputProperty":false,"containsConfigurationVariables":false,"sensitive":false,"required":false,"templateProperty":null,"idKey":"c6171010-015f-1000-fd12-3c202b4eb85e-38777a21-f46d-3f2d-3e4c-02e308ac0f0d-metadata.table.partitionSpecs","processorNameTypeKey":"Initialize Feed Parameters-org.apache.nifi.processors.attributes.UpdateAttribute-metadata.table.partitionSpecs","nameKey":"NiFi Flow-Initialize Feed Parameters-metadata.table.partitionSpecs"},{"processGroupName":"NiFi Flow","processorName":"Initialize Feed Parameters","processorId":"38777a21-f46d-3f2d-3e4c-02e308ac0f0d","processGroupId":"c6171010-015f-1000-fd12-3c202b4eb85e","processorType":"org.apache.nifi.processors.attributes.UpdateAttribute","key":"metadata.table.partitionStructure","value":"${metadata.table.partitionStructure}","expressionProperties":null,"propertyDescriptor":{"name":"metadata.table.partitionStructure","displayName":null,"description":null,"defaultValue":null,"allowableValues":null,"required":null,"sensitive":null,"dynamic":null,"supportsEl":null,"identifiesControllerService":null},"templateValue":"${metadata.table.partitionStructure}","userEditable":false,"renderType":"text","renderOptions":{},"selected":true,"inputProperty":false,"containsConfigurationVariables":false,"sensitive":false,"required":false,"templateProperty":null,"idKey":"c6171010-015f-1000-fd12-3c202b4eb85e-38777a21-f46d-3f2d-3e4c-02e308ac0f0d-metadata.table.partitionStructure","processorNameTypeKey":"Initialize Feed Parameters-org.apache.nifi.processors.attributes.UpdateAttribute-metadata.table.partitionStructure","nameKey":"NiFi Flow-Initialize Feed Parameters-metadata.table.partitionStructure"},{"processGroupName":"NiFi Flow","processorName":"Initialize Feed Parameters","processorId":"38777a21-f46d-3f2d-3e4c-02e308ac0f0d","processGroupId":"c6171010-015f-1000-fd12-3c202b4eb85e","processorType":"org.apache.nifi.processors.attributes.UpdateAttribute","key":"metadata.table.targetFormat","value":"${metadata.table.targetFormat}","expressionProperties":null,"propertyDescriptor":{"name":"metadata.table.targetFormat","displayName":null,"description":null,"defaultValue":null,"allowableValues":null,"required":null,"sensitive":null,"dynamic":null,"supportsEl":null,"identifiesControllerService":null},"templateValue":"${metadata.table.targetFormat}","userEditable":false,"renderType":"text","renderOptions":{},"selected":true,"inputProperty":false,"containsConfigurationVariables":false,"sensitive":false,"required":false,"templateProperty":null,"idKey":"c6171010-015f-1000-fd12-3c202b4eb85e-38777a21-f46d-3f2d-3e4c-02e308ac0f0d-metadata.table.targetFormat","processorNameTypeKey":"Initialize Feed Parameters-org.apache.nifi.processors.attributes.UpdateAttribute-metadata.table.targetFormat","nameKey":"NiFi Flow-Initialize Feed Parameters-metadata.table.targetFormat"},{"processGroupName":"NiFi Flow","processorName":"Initialize Feed Parameters","processorId":"38777a21-f46d-3f2d-3e4c-02e308ac0f0d","processGroupId":"c6171010-015f-1000-fd12-3c202b4eb85e","processorType":"org.apache.nifi.processors.attributes.UpdateAttribute","key":"metadata.table.targetMergeStrategy","value":"${metadata.table.targetMergeStrategy}","expressionProperties":null,"propertyDescriptor":{"name":"metadata.table.targetMergeStrategy","displayName":null,"description":null,"defaultValue":null,"allowableValues":null,"required":null,"sensitive":null,"dynamic":null,"supportsEl":null,"identifiesControllerService":null},"templateValue":"${metadata.table.targetMergeStrategy}","userEditable":false,"renderType":"text","renderOptions":{},"selected":true,"inputProperty":false,"containsConfigurationVariables":false,"sensitive":false,"required":false,"templateProperty":null,"idKey":"c6171010-015f-1000-fd12-3c202b4eb85e-38777a21-f46d-3f2d-3e4c-02e308ac0f0d-metadata.table.targetMergeStrategy","processorNameTypeKey":"Initialize Feed Parameters-org.apache.nifi.processors.attributes.UpdateAttribute-metadata.table.targetMergeStrategy","nameKey":"NiFi Flow-Initialize Feed Parameters-metadata.table.targetMergeStrategy"},{"processGroupName":"NiFi Flow","processorName":"Initialize Feed Parameters","processorId":"38777a21-f46d-3f2d-3e4c-02e308ac0f0d","processGroupId":"c6171010-015f-1000-fd12-3c202b4eb85e","processorType":"org.apache.nifi.processors.attributes.UpdateAttribute","key":"metadata.table.targetTblProperties","value":"${metadata.table.targetTblProperties}","expressionProperties":null,"propertyDescriptor":{"name":"metadata.table.targetTblProperties","displayName":null,"description":null,"defaultValue":null,"allowableValues":null,"required":null,"sensitive":null,"dynamic":null,"supportsEl":null,"identifiesControllerService":null},"templateValue":"${metadata.table.targetTblProperties}","userEditable":false,"renderType":"text","renderOptions":{},"selected":true,"inputProperty":false,"containsConfigurationVariables":false,"sensitive":false,"required":false,"templateProperty":null,"idKey":"c6171010-015f-1000-fd12-3c202b4eb85e-38777a21-f46d-3f2d-3e4c-02e308ac0f0d-metadata.table.targetTblProperties","processorNameTypeKey":"Initialize Feed Parameters-org.apache.nifi.processors.attributes.UpdateAttribute-metadata.table.targetTblProperties","nameKey":"NiFi Flow-Initialize Feed Parameters-metadata.table.targetTblProperties"},{"processGroupName":"NiFi Flow","processorName":"Initialize Feed Parameters","processorId":"38777a21-f46d-3f2d-3e4c-02e308ac0f0d","processGroupId":"c6171010-015f-1000-fd12-3c202b4eb85e","processorType":"org.apache.nifi.processors.attributes.UpdateAttribute","key":"nifi.home","value":"${config.nifi.home}","expressionProperties":null,"propertyDescriptor":{"name":"nifi.home","displayName":"nifi.home","description":"","defaultValue":null,"allowableValues":null,"required":false,"sensitive":false,"dynamic":true,"supportsEl":true,"identifiesControllerService":null},"templateValue":"${config.nifi.home}","userEditable":false,"renderType":"text","renderOptions":{},"selected":true,"inputProperty":false,"containsConfigurationVariables":false,"sensitive":false,"required":false,"templateProperty":null,"idKey":"c6171010-015f-1000-fd12-3c202b4eb85e-38777a21-f46d-3f2d-3e4c-02e308ac0f0d-nifi.home","processorNameTypeKey":"Initialize Feed Parameters-org.apache.nifi.processors.attributes.UpdateAttribute-nifi.home","nameKey":"NiFi Flow-Initialize Feed Parameters-nifi.home"},{"processGroupName":"NiFi Flow","processorName":"Initialize Feed Parameters","processorId":"38777a21-f46d-3f2d-3e4c-02e308ac0f0d","processGroupId":"c6171010-015f-1000-fd12-3c202b4eb85e","processorType":"org.apache.nifi.processors.attributes.UpdateAttribute","key":"skipHeader","value":"${metadata.options.skipHeader}","expressionProperties":null,"propertyDescriptor":{"name":"skipHeader","displayName":null,"description":null,"defaultValue":null,"allowableValues":null,"required":null,"sensitive":null,"dynamic":null,"supportsEl":null,"identifiesControllerService":null},"templateValue":"${metadata.options.skipHeader}","userEditable":false,"renderType":"text","renderOptions":{},"selected":true,"inputProperty":false,"containsConfigurationVariables":false,"sensitive":false,"required":false,"templateProperty":null,"idKey":"c6171010-015f-1000-fd12-3c202b4eb85e-38777a21-f46d-3f2d-3e4c-02e308ac0f0d-skipHeader","processorNameTypeKey":"Initialize Feed Parameters-org.apache.nifi.processors.attributes.UpdateAttribute-skipHeader","nameKey":"NiFi Flow-Initialize Feed Parameters-skipHeader"},{"processGroupName":"NiFi Flow","processorName":"No Data - Release Highwater Mark","processorId":"d8bb71d5-b3f7-3206-12b6-1be813de1763","processGroupId":"c6171010-015f-1000-fd12-3c202b4eb85e","processorType":"com.thinkbiganalytics.nifi.v2.core.watermark.ReleaseHighWaterMark","key":"System feed category","value":"${metadata.category.systemName}","expressionProperties":null,"propertyDescriptor":{"name":"System feed category","displayName":null,"description":null,"defaultValue":null,"allowableValues":null,"required":null,"sensitive":null,"dynamic":null,"supportsEl":null,"identifiesControllerService":null},"templateValue":"${metadata.category.systemName}","userEditable":false,"renderType":"text","renderOptions":{},"selected":true,"inputProperty":false,"containsConfigurationVariables":false,"sensitive":false,"required":false,"templateProperty":null,"idKey":"c6171010-015f-1000-fd12-3c202b4eb85e-d8bb71d5-b3f7-3206-12b6-1be813de1763-System feed category","processorNameTypeKey":"No Data - Release Highwater Mark-com.thinkbiganalytics.nifi.v2.core.watermark.ReleaseHighWaterMark-System feed category","nameKey":"NiFi Flow-No Data - Release Highwater Mark-System feed category"},{"processGroupName":"NiFi Flow","processorName":"No Data - Release Highwater Mark","processorId":"d8bb71d5-b3f7-3206-12b6-1be813de1763","processGroupId":"c6171010-015f-1000-fd12-3c202b4eb85e","processorType":"com.thinkbiganalytics.nifi.v2.core.watermark.ReleaseHighWaterMark","key":"System feed name","value":"${metadata.systemFeedName}","expressionProperties":null,"propertyDescriptor":{"name":"System feed name","displayName":null,"description":null,"defaultValue":null,"allowableValues":null,"required":null,"sensitive":null,"dynamic":null,"supportsEl":null,"identifiesControllerService":null},"templateValue":"${metadata.systemFeedName}","userEditable":false,"renderType":"text","renderOptions":{},"selected":true,"inputProperty":false,"containsConfigurationVariables":false,"sensitive":false,"required":false,"templateProperty":null,"idKey":"c6171010-015f-1000-fd12-3c202b4eb85e-d8bb71d5-b3f7-3206-12b6-1be813de1763-System feed name","processorNameTypeKey":"No Data - Release Highwater Mark-com.thinkbiganalytics.nifi.v2.core.watermark.ReleaseHighWaterMark-System feed name","nameKey":"NiFi Flow-No Data - Release Highwater Mark-System feed name"}],"nonInputProcessors":[{"properties":[{"processGroupName":"NiFi Flow","processorName":"No Data - Release Highwater Mark","processorId":"d8bb71d5-b3f7-3206-12b6-1be813de1763","processGroupId":"c6171010-015f-1000-fd12-3c202b4eb85e","processorType":"com.thinkbiganalytics.nifi.v2.core.watermark.ReleaseHighWaterMark","key":"System feed category","value":"${metadata.category.systemName}","expressionProperties":null,"propertyDescriptor":{"name":"System feed category","displayName":null,"description":null,"defaultValue":null,"allowableValues":null,"required":null,"sensitive":null,"dynamic":null,"supportsEl":null,"identifiesControllerService":null},"templateValue":"${metadata.category.systemName}","userEditable":false,"renderType":"text","renderOptions":{},"selected":true,"inputProperty":false,"containsConfigurationVariables":false,"sensitive":false,"required":false,"templateProperty":null,"idKey":"c6171010-015f-1000-fd12-3c202b4eb85e-d8bb71d5-b3f7-3206-12b6-1be813de1763-System feed category","processorNameTypeKey":"No Data - Release Highwater Mark-com.thinkbiganalytics.nifi.v2.core.watermark.ReleaseHighWaterMark-System feed category","nameKey":"NiFi Flow-No Data - Release Highwater Mark-System feed category"},{"processGroupName":"NiFi Flow","processorName":"No Data - Release Highwater Mark","processorId":"d8bb71d5-b3f7-3206-12b6-1be813de1763","processGroupId":"c6171010-015f-1000-fd12-3c202b4eb85e","processorType":"com.thinkbiganalytics.nifi.v2.core.watermark.ReleaseHighWaterMark","key":"System feed name","value":"${metadata.systemFeedName}","expressionProperties":null,"propertyDescriptor":{"name":"System feed name","displayName":null,"description":null,"defaultValue":null,"allowableValues":null,"required":null,"sensitive":null,"dynamic":null,"supportsEl":null,"identifiesControllerService":null},"templateValue":"${metadata.systemFeedName}","userEditable":false,"renderType":"text","renderOptions":{},"selected":true,"inputProperty":false,"containsConfigurationVariables":false,"sensitive":false,"required":false,"templateProperty":null,"idKey":"c6171010-015f-1000-fd12-3c202b4eb85e-d8bb71d5-b3f7-3206-12b6-1be813de1763-System feed name","processorNameTypeKey":"No Data - Release Highwater Mark-com.thinkbiganalytics.nifi.v2.core.watermark.ReleaseHighWaterMark-System feed name","nameKey":"NiFi Flow-No Data - Release Highwater Mark-System feed name"}],"type":"com.thinkbiganalytics.nifi.v2.core.watermark.ReleaseHighWaterMark","name":"No Data - Release Highwater Mark","id":"d8bb71d5-b3f7-3206-12b6-1be813de1763","groupName":"NiFi Flow","groupId":"c6171010-015f-1000-fd12-3c202b4eb85e","inputProcessor":false,"userDefinedInputProcessor":false},{"properties":[{"processGroupName":"NiFi Flow","processorName":"Initialize Feed Parameters","processorId":"38777a21-f46d-3f2d-3e4c-02e308ac0f0d","processGroupId":"c6171010-015f-1000-fd12-3c202b4eb85e","processorType":"org.apache.nifi.processors.attributes.UpdateAttribute","key":"category","value":"${metadata.category.systemName}","expressionProperties":null,"propertyDescriptor":{"name":"category","displayName":null,"description":null,"defaultValue":null,"allowableValues":null,"required":null,"sensitive":null,"dynamic":null,"supportsEl":null,"identifiesControllerService":null},"templateValue":"${metadata.category.systemName}","userEditable":false,"renderType":"text","renderOptions":{},"selected":true,"inputProperty":false,"containsConfigurationVariables":false,"sensitive":false,"required":false,"templateProperty":null,"idKey":"c6171010-015f-1000-fd12-3c202b4eb85e-38777a21-f46d-3f2d-3e4c-02e308ac0f0d-category","processorNameTypeKey":"Initialize Feed Parameters-org.apache.nifi.processors.attributes.UpdateAttribute-category","nameKey":"NiFi Flow-Initialize Feed Parameters-category"},{"processGroupName":"NiFi Flow","processorName":"Initialize Feed Parameters","processorId":"38777a21-f46d-3f2d-3e4c-02e308ac0f0d","processGroupId":"c6171010-015f-1000-fd12-3c202b4eb85e","processorType":"org.apache.nifi.processors.attributes.UpdateAttribute","key":"feed","value":"${metadata.systemFeedName}","expressionProperties":null,"propertyDescriptor":{"name":"feed","displayName":null,"description":null,"defaultValue":null,"allowableValues":null,"required":null,"sensitive":null,"dynamic":null,"supportsEl":null,"identifiesControllerService":null},"templateValue":"${metadata.systemFeedName}","userEditable":false,"renderType":"text","renderOptions":{},"selected":true,"inputProperty":false,"containsConfigurationVariables":false,"sensitive":false,"required":false,"templateProperty":null,"idKey":"c6171010-015f-1000-fd12-3c202b4eb85e-38777a21-f46d-3f2d-3e4c-02e308ac0f0d-feed","processorNameTypeKey":"Initialize Feed Parameters-org.apache.nifi.processors.attributes.UpdateAttribute-feed","nameKey":"NiFi Flow-Initialize Feed Parameters-feed"},{"processGroupName":"NiFi Flow","processorName":"Initialize Feed Parameters","processorId":"38777a21-f46d-3f2d-3e4c-02e308ac0f0d","processGroupId":"c6171010-015f-1000-fd12-3c202b4eb85e","processorType":"org.apache.nifi.processors.attributes.UpdateAttribute","key":"hdfs.archive.root","value":"${config.hdfs.archive.root}","expressionProperties":null,"propertyDescriptor":{"name":"hdfs.archive.root","displayName":"hdfs.archive.root","description":"","defaultValue":null,"allowableValues":null,"required":false,"sensitive":false,"dynamic":true,"supportsEl":true,"identifiesControllerService":null},"templateValue":"${config.hdfs.archive.root}","userEditable":false,"renderType":"text","renderOptions":{},"selected":true,"inputProperty":false,"containsConfigurationVariables":false,"sensitive":false,"required":false,"templateProperty":null,"idKey":"c6171010-015f-1000-fd12-3c202b4eb85e-38777a21-f46d-3f2d-3e4c-02e308ac0f0d-hdfs.archive.root","processorNameTypeKey":"Initialize Feed Parameters-org.apache.nifi.processors.attributes.UpdateAttribute-hdfs.archive.root","nameKey":"NiFi Flow-Initialize Feed Parameters-hdfs.archive.root"},{"processGroupName":"NiFi Flow","processorName":"Initialize Feed Parameters","processorId":"38777a21-f46d-3f2d-3e4c-02e308ac0f0d","processGroupId":"c6171010-015f-1000-fd12-3c202b4eb85e","processorType":"org.apache.nifi.processors.attributes.UpdateAttribute","key":"hdfs.ingest.root","value":"${config.hdfs.ingest.root}","expressionProperties":null,"propertyDescriptor":{"name":"hdfs.ingest.root","displayName":null,"description":null,"defaultValue":null,"allowableValues":null,"required":null,"sensitive":null,"dynamic":null,"supportsEl":null,"identifiesControllerService":null},"templateValue":"${config.hdfs.ingest.root}","userEditable":false,"renderType":"text","renderOptions":{},"selected":true,"inputProperty":false,"containsConfigurationVariables":false,"sensitive":false,"required":false,"templateProperty":null,"idKey":"c6171010-015f-1000-fd12-3c202b4eb85e-38777a21-f46d-3f2d-3e4c-02e308ac0f0d-hdfs.ingest.root","processorNameTypeKey":"Initialize Feed Parameters-org.apache.nifi.processors.attributes.UpdateAttribute-hdfs.ingest.root","nameKey":"NiFi Flow-Initialize Feed Parameters-hdfs.ingest.root"},{"processGroupName":"NiFi Flow","processorName":"Initialize Feed Parameters","processorId":"38777a21-f46d-3f2d-3e4c-02e308ac0f0d","processGroupId":"c6171010-015f-1000-fd12-3c202b4eb85e","processorType":"org.apache.nifi.processors.attributes.UpdateAttribute","key":"hive.ingest.root","value":"${config.hive.ingest.root}","expressionProperties":null,"propertyDescriptor":{"name":"hive.ingest.root","displayName":null,"description":null,"defaultValue":null,"allowableValues":null,"required":null,"sensitive":null,"dynamic":null,"supportsEl":null,"identifiesControllerService":null},"templateValue":"${config.hive.ingest.root}","userEditable":false,"renderType":"text","renderOptions":{},"selected":true,"inputProperty":false,"containsConfigurationVariables":false,"sensitive":false,"required":false,"templateProperty":null,"idKey":"c6171010-015f-1000-fd12-3c202b4eb85e-38777a21-f46d-3f2d-3e4c-02e308ac0f0d-hive.ingest.root","processorNameTypeKey":"Initialize Feed Parameters-org.apache.nifi.processors.attributes.UpdateAttribute-hive.ingest.root","nameKey":"NiFi Flow-Initialize Feed Parameters-hive.ingest.root"},{"processGroupName":"NiFi Flow","processorName":"Initialize Feed Parameters","processorId":"38777a21-f46d-3f2d-3e4c-02e308ac0f0d","processGroupId":"c6171010-015f-1000-fd12-3c202b4eb85e","processorType":"org.apache.nifi.processors.attributes.UpdateAttribute","key":"hive.master.root","value":"${config.hive.master.root}","expressionProperties":null,"propertyDescriptor":{"name":"hive.master.root","displayName":null,"description":null,"defaultValue":null,"allowableValues":null,"required":null,"sensitive":null,"dynamic":null,"supportsEl":null,"identifiesControllerService":null},"templateValue":"${config.hive.master.root}","userEditable":false,"renderType":"text","renderOptions":{},"selected":true,"inputProperty":false,"containsConfigurationVariables":false,"sensitive":false,"required":false,"templateProperty":null,"idKey":"c6171010-015f-1000-fd12-3c202b4eb85e-38777a21-f46d-3f2d-3e4c-02e308ac0f0d-hive.master.root","processorNameTypeKey":"Initialize Feed Parameters-org.apache.nifi.processors.attributes.UpdateAttribute-hive.master.root","nameKey":"NiFi Flow-Initialize Feed Parameters-hive.master.root"},{"processGroupName":"NiFi Flow","processorName":"Initialize Feed Parameters","processorId":"38777a21-f46d-3f2d-3e4c-02e308ac0f0d","processGroupId":"c6171010-015f-1000-fd12-3c202b4eb85e","processorType":"org.apache.nifi.processors.attributes.UpdateAttribute","key":"hive.profile.root","value":"${config.hive.profile.root}","expressionProperties":null,"propertyDescriptor":{"name":"hive.profile.root","displayName":null,"description":null,"defaultValue":null,"allowableValues":null,"required":null,"sensitive":null,"dynamic":null,"supportsEl":null,"identifiesControllerService":null},"templateValue":"${config.hive.profile.root}","userEditable":false,"renderType":"text","renderOptions":{},"selected":true,"inputProperty":false,"containsConfigurationVariables":false,"sensitive":false,"required":false,"templateProperty":null,"idKey":"c6171010-015f-1000-fd12-3c202b4eb85e-38777a21-f46d-3f2d-3e4c-02e308ac0f0d-hive.profile.root","processorNameTypeKey":"Initialize Feed Parameters-org.apache.nifi.processors.attributes.UpdateAttribute-hive.profile.root","nameKey":"NiFi Flow-Initialize Feed Parameters-hive.profile.root"},{"processGroupName":"NiFi Flow","processorName":"Initialize Feed Parameters","processorId":"38777a21-f46d-3f2d-3e4c-02e308ac0f0d","processGroupId":"c6171010-015f-1000-fd12-3c202b4eb85e","processorType":"org.apache.nifi.processors.attributes.UpdateAttribute","key":"metadata.table.feedFieldStructure","value":"${metadata.table.feedFieldStructure}","expressionProperties":null,"propertyDescriptor":{"name":"metadata.table.feedFieldStructure","displayName":null,"description":null,"defaultValue":null,"allowableValues":null,"required":null,"sensitive":null,"dynamic":null,"supportsEl":null,"identifiesControllerService":null},"templateValue":"${metadata.table.feedFieldStructure}","userEditable":false,"renderType":"text","renderOptions":{},"selected":true,"inputProperty":false,"containsConfigurationVariables":false,"sensitive":false,"required":false,"templateProperty":null,"idKey":"c6171010-015f-1000-fd12-3c202b4eb85e-38777a21-f46d-3f2d-3e4c-02e308ac0f0d-metadata.table.feedFieldStructure","processorNameTypeKey":"Initialize Feed Parameters-org.apache.nifi.processors.attributes.UpdateAttribute-metadata.table.feedFieldStructure","nameKey":"NiFi Flow-Initialize Feed Parameters-metadata.table.feedFieldStructure"},{"processGroupName":"NiFi Flow","processorName":"Initialize Feed Parameters","processorId":"38777a21-f46d-3f2d-3e4c-02e308ac0f0d","processGroupId":"c6171010-015f-1000-fd12-3c202b4eb85e","processorType":"org.apache.nifi.processors.attributes.UpdateAttribute","key":"metadata.table.feedFormat","value":"${metadata.table.feedFormat}","expressionProperties":null,"propertyDescriptor":{"name":"metadata.table.feedFormat","displayName":null,"description":null,"defaultValue":null,"allowableValues":null,"required":null,"sensitive":null,"dynamic":null,"supportsEl":null,"identifiesControllerService":null},"templateValue":"${metadata.table.feedFormat}","userEditable":false,"renderType":"text","renderOptions":{},"selected":true,"inputProperty":false,"containsConfigurationVariables":false,"sensitive":false,"required":false,"templateProperty":null,"idKey":"c6171010-015f-1000-fd12-3c202b4eb85e-38777a21-f46d-3f2d-3e4c-02e308ac0f0d-metadata.table.feedFormat","processorNameTypeKey":"Initialize Feed Parameters-org.apache.nifi.processors.attributes.UpdateAttribute-metadata.table.feedFormat","nameKey":"NiFi Flow-Initialize Feed Parameters-metadata.table.feedFormat"},{"processGroupName":"NiFi Flow","processorName":"Initialize Feed Parameters","processorId":"38777a21-f46d-3f2d-3e4c-02e308ac0f0d","processGroupId":"c6171010-015f-1000-fd12-3c202b4eb85e","processorType":"org.apache.nifi.processors.attributes.UpdateAttribute","key":"metadata.table.fieldIndexString","value":"${metadata.table.fieldIndexString}","expressionProperties":null,"propertyDescriptor":{"name":"metadata.table.fieldIndexString","displayName":null,"description":null,"defaultValue":null,"allowableValues":null,"required":null,"sensitive":null,"dynamic":null,"supportsEl":null,"identifiesControllerService":null},"templateValue":"${metadata.table.fieldIndexString}","userEditable":false,"renderType":"text","renderOptions":{},"selected":true,"inputProperty":false,"containsConfigurationVariables":false,"sensitive":false,"required":false,"templateProperty":null,"idKey":"c6171010-015f-1000-fd12-3c202b4eb85e-38777a21-f46d-3f2d-3e4c-02e308ac0f0d-metadata.table.fieldIndexString","processorNameTypeKey":"Initialize Feed Parameters-org.apache.nifi.processors.attributes.UpdateAttribute-metadata.table.fieldIndexString","nameKey":"NiFi Flow-Initialize Feed Parameters-metadata.table.fieldIndexString"},{"processGroupName":"NiFi Flow","processorName":"Initialize Feed Parameters","processorId":"38777a21-f46d-3f2d-3e4c-02e308ac0f0d","processGroupId":"c6171010-015f-1000-fd12-3c202b4eb85e","processorType":"org.apache.nifi.processors.attributes.UpdateAttribute","key":"metadata.table.fieldPoliciesJson","value":"${metadata.table.fieldPoliciesJson}","expressionProperties":null,"propertyDescriptor":{"name":"metadata.table.fieldPoliciesJson","displayName":null,"description":null,"defaultValue":null,"allowableValues":null,"required":null,"sensitive":null,"dynamic":null,"supportsEl":null,"identifiesControllerService":null},"templateValue":"${metadata.table.fieldPoliciesJson}","userEditable":false,"renderType":"text","renderOptions":{},"selected":true,"inputProperty":false,"containsConfigurationVariables":false,"sensitive":false,"required":false,"templateProperty":null,"idKey":"c6171010-015f-1000-fd12-3c202b4eb85e-38777a21-f46d-3f2d-3e4c-02e308ac0f0d-metadata.table.fieldPoliciesJson","processorNameTypeKey":"Initialize Feed Parameters-org.apache.nifi.processors.attributes.UpdateAttribute-metadata.table.fieldPoliciesJson","nameKey":"NiFi Flow-Initialize Feed Parameters-metadata.table.fieldPoliciesJson"},{"processGroupName":"NiFi Flow","processorName":"Initialize Feed Parameters","processorId":"38777a21-f46d-3f2d-3e4c-02e308ac0f0d","processGroupId":"c6171010-015f-1000-fd12-3c202b4eb85e","processorType":"org.apache.nifi.processors.attributes.UpdateAttribute","key":"metadata.table.fieldStructure","value":"${metadata.table.fieldStructure}","expressionProperties":null,"propertyDescriptor":{"name":"metadata.table.fieldStructure","displayName":null,"description":null,"defaultValue":null,"allowableValues":null,"required":null,"sensitive":null,"dynamic":null,"supportsEl":null,"identifiesControllerService":null},"templateValue":"${metadata.table.fieldStructure}","userEditable":false,"renderType":"text","renderOptions":{},"selected":true,"inputProperty":false,"containsConfigurationVariables":false,"sensitive":false,"required":false,"templateProperty":null,"idKey":"c6171010-015f-1000-fd12-3c202b4eb85e-38777a21-f46d-3f2d-3e4c-02e308ac0f0d-metadata.table.fieldStructure","processorNameTypeKey":"Initialize Feed Parameters-org.apache.nifi.processors.attributes.UpdateAttribute-metadata.table.fieldStructure","nameKey":"NiFi Flow-Initialize Feed Parameters-metadata.table.fieldStructure"},{"processGroupName":"NiFi Flow","processorName":"Initialize Feed Parameters","processorId":"38777a21-f46d-3f2d-3e4c-02e308ac0f0d","processGroupId":"c6171010-015f-1000-fd12-3c202b4eb85e","processorType":"org.apache.nifi.processors.attributes.UpdateAttribute","key":"metadata.table.partitionSpecs","value":"${metadata.table.partitionSpecs}","expressionProperties":null,"propertyDescriptor":{"name":"metadata.table.partitionSpecs","displayName":null,"description":null,"defaultValue":null,"allowableValues":null,"required":null,"sensitive":null,"dynamic":null,"supportsEl":null,"identifiesControllerService":null},"templateValue":"${metadata.table.partitionSpecs}","userEditable":false,"renderType":"text","renderOptions":{},"selected":true,"inputProperty":false,"containsConfigurationVariables":false,"sensitive":false,"required":false,"templateProperty":null,"idKey":"c6171010-015f-1000-fd12-3c202b4eb85e-38777a21-f46d-3f2d-3e4c-02e308ac0f0d-metadata.table.partitionSpecs","processorNameTypeKey":"Initialize Feed Parameters-org.apache.nifi.processors.attributes.UpdateAttribute-metadata.table.partitionSpecs","nameKey":"NiFi Flow-Initialize Feed Parameters-metadata.table.partitionSpecs"},{"processGroupName":"NiFi Flow","processorName":"Initialize Feed Parameters","processorId":"38777a21-f46d-3f2d-3e4c-02e308ac0f0d","processGroupId":"c6171010-015f-1000-fd12-3c202b4eb85e","processorType":"org.apache.nifi.processors.attributes.UpdateAttribute","key":"metadata.table.partitionStructure","value":"${metadata.table.partitionStructure}","expressionProperties":null,"propertyDescriptor":{"name":"metadata.table.partitionStructure","displayName":null,"description":null,"defaultValue":null,"allowableValues":null,"required":null,"sensitive":null,"dynamic":null,"supportsEl":null,"identifiesControllerService":null},"templateValue":"${metadata.table.partitionStructure}","userEditable":false,"renderType":"text","renderOptions":{},"selected":true,"inputProperty":false,"containsConfigurationVariables":false,"sensitive":false,"required":false,"templateProperty":null,"idKey":"c6171010-015f-1000-fd12-3c202b4eb85e-38777a21-f46d-3f2d-3e4c-02e308ac0f0d-metadata.table.partitionStructure","processorNameTypeKey":"Initialize Feed Parameters-org.apache.nifi.processors.attributes.UpdateAttribute-metadata.table.partitionStructure","nameKey":"NiFi Flow-Initialize Feed Parameters-metadata.table.partitionStructure"},{"processGroupName":"NiFi Flow","processorName":"Initialize Feed Parameters","processorId":"38777a21-f46d-3f2d-3e4c-02e308ac0f0d","processGroupId":"c6171010-015f-1000-fd12-3c202b4eb85e","processorType":"org.apache.nifi.processors.attributes.UpdateAttribute","key":"metadata.table.targetFormat","value":"${metadata.table.targetFormat}","expressionProperties":null,"propertyDescriptor":{"name":"metadata.table.targetFormat","displayName":null,"description":null,"defaultValue":null,"allowableValues":null,"required":null,"sensitive":null,"dynamic":null,"supportsEl":null,"identifiesControllerService":null},"templateValue":"${metadata.table.targetFormat}","userEditable":false,"renderType":"text","renderOptions":{},"selected":true,"inputProperty":false,"containsConfigurationVariables":false,"sensitive":false,"required":false,"templateProperty":null,"idKey":"c6171010-015f-1000-fd12-3c202b4eb85e-38777a21-f46d-3f2d-3e4c-02e308ac0f0d-metadata.table.targetFormat","processorNameTypeKey":"Initialize Feed Parameters-org.apache.nifi.processors.attributes.UpdateAttribute-metadata.table.targetFormat","nameKey":"NiFi Flow-Initialize Feed Parameters-metadata.table.targetFormat"},{"processGroupName":"NiFi Flow","processorName":"Initialize Feed Parameters","processorId":"38777a21-f46d-3f2d-3e4c-02e308ac0f0d","processGroupId":"c6171010-015f-1000-fd12-3c202b4eb85e","processorType":"org.apache.nifi.processors.attributes.UpdateAttribute","key":"metadata.table.targetMergeStrategy","value":"${metadata.table.targetMergeStrategy}","expressionProperties":null,"propertyDescriptor":{"name":"metadata.table.targetMergeStrategy","displayName":null,"description":null,"defaultValue":null,"allowableValues":null,"required":null,"sensitive":null,"dynamic":null,"supportsEl":null,"identifiesControllerService":null},"templateValue":"${metadata.table.targetMergeStrategy}","userEditable":false,"renderType":"text","renderOptions":{},"selected":true,"inputProperty":false,"containsConfigurationVariables":false,"sensitive":false,"required":false,"templateProperty":null,"idKey":"c6171010-015f-1000-fd12-3c202b4eb85e-38777a21-f46d-3f2d-3e4c-02e308ac0f0d-metadata.table.targetMergeStrategy","processorNameTypeKey":"Initialize Feed Parameters-org.apache.nifi.processors.attributes.UpdateAttribute-metadata.table.targetMergeStrategy","nameKey":"NiFi Flow-Initialize Feed Parameters-metadata.table.targetMergeStrategy"},{"processGroupName":"NiFi Flow","processorName":"Initialize Feed Parameters","processorId":"38777a21-f46d-3f2d-3e4c-02e308ac0f0d","processGroupId":"c6171010-015f-1000-fd12-3c202b4eb85e","processorType":"org.apache.nifi.processors.attributes.UpdateAttribute","key":"metadata.table.targetTblProperties","value":"${metadata.table.targetTblProperties}","expressionProperties":null,"propertyDescriptor":{"name":"metadata.table.targetTblProperties","displayName":null,"description":null,"defaultValue":null,"allowableValues":null,"required":null,"sensitive":null,"dynamic":null,"supportsEl":null,"identifiesControllerService":null},"templateValue":"${metadata.table.targetTblProperties}","userEditable":false,"renderType":"text","renderOptions":{},"selected":true,"inputProperty":false,"containsConfigurationVariables":false,"sensitive":false,"required":false,"templateProperty":null,"idKey":"c6171010-015f-1000-fd12-3c202b4eb85e-38777a21-f46d-3f2d-3e4c-02e308ac0f0d-metadata.table.targetTblProperties","processorNameTypeKey":"Initialize Feed Parameters-org.apache.nifi.processors.attributes.UpdateAttribute-metadata.table.targetTblProperties","nameKey":"NiFi Flow-Initialize Feed Parameters-metadata.table.targetTblProperties"},{"processGroupName":"NiFi Flow","processorName":"Initialize Feed Parameters","processorId":"38777a21-f46d-3f2d-3e4c-02e308ac0f0d","processGroupId":"c6171010-015f-1000-fd12-3c202b4eb85e","processorType":"org.apache.nifi.processors.attributes.UpdateAttribute","key":"nifi.home","value":"${config.nifi.home}","expressionProperties":null,"propertyDescriptor":{"name":"nifi.home","displayName":"nifi.home","description":"","defaultValue":null,"allowableValues":null,"required":false,"sensitive":false,"dynamic":true,"supportsEl":true,"identifiesControllerService":null},"templateValue":"${config.nifi.home}","userEditable":false,"renderType":"text","renderOptions":{},"selected":true,"inputProperty":false,"containsConfigurationVariables":false,"sensitive":false,"required":false,"templateProperty":null,"idKey":"c6171010-015f-1000-fd12-3c202b4eb85e-38777a21-f46d-3f2d-3e4c-02e308ac0f0d-nifi.home","processorNameTypeKey":"Initialize Feed Parameters-org.apache.nifi.processors.attributes.UpdateAttribute-nifi.home","nameKey":"NiFi Flow-Initialize Feed Parameters-nifi.home"},{"processGroupName":"NiFi Flow","processorName":"Initialize Feed Parameters","processorId":"38777a21-f46d-3f2d-3e4c-02e308ac0f0d","processGroupId":"c6171010-015f-1000-fd12-3c202b4eb85e","processorType":"org.apache.nifi.processors.attributes.UpdateAttribute","key":"skipHeader","value":"${metadata.options.skipHeader}","expressionProperties":null,"propertyDescriptor":{"name":"skipHeader","displayName":null,"description":null,"defaultValue":null,"allowableValues":null,"required":null,"sensitive":null,"dynamic":null,"supportsEl":null,"identifiesControllerService":null},"templateValue":"${metadata.options.skipHeader}","userEditable":false,"renderType":"text","renderOptions":{},"selected":true,"inputProperty":false,"containsConfigurationVariables":false,"sensitive":false,"required":false,"templateProperty":null,"idKey":"c6171010-015f-1000-fd12-3c202b4eb85e-38777a21-f46d-3f2d-3e4c-02e308ac0f0d-skipHeader","processorNameTypeKey":"Initialize Feed Parameters-org.apache.nifi.processors.attributes.UpdateAttribute-skipHeader","nameKey":"NiFi Flow-Initialize Feed Parameters-skipHeader"}],"type":"org.apache.nifi.processors.attributes.UpdateAttribute","name":"Initialize Feed Parameters","id":"38777a21-f46d-3f2d-3e4c-02e308ac0f0d","groupName":"NiFi Flow","groupId":"c6171010-015f-1000-fd12-3c202b4eb85e","inputProcessor":false,"userDefinedInputProcessor":false},{"properties":[{"processGroupName":"NiFi Flow","processorName":"Fetch RDBMS Data","processorId":"a3eb6450-1f53-3e1e-c04a-c8f9f7b7e321","processGroupId":"c6171010-015f-1000-fd12-3c202b4eb85e","processorType":"com.thinkbiganalytics.nifi.v2.ingest.GetTableData","key":"Date Field","value":null,"expressionProperties":null,"propertyDescriptor":{"name":"Date Field","displayName":null,"description":null,"defaultValue":null,"allowableValues":null,"required":null,"sensitive":null,"dynamic":null,"supportsEl":null,"identifiesControllerService":null},"templateValue":null,"userEditable":true,"renderType":"text","renderOptions":{},"selected":true,"inputProperty":false,"containsConfigurationVariables":false,"sensitive":false,"required":false,"templateProperty":null,"idKey":"c6171010-015f-1000-fd12-3c202b4eb85e-a3eb6450-1f53-3e1e-c04a-c8f9f7b7e321-Date Field","processorNameTypeKey":"Fetch RDBMS Data-com.thinkbiganalytics.nifi.v2.ingest.GetTableData-Date Field","nameKey":"NiFi Flow-Fetch RDBMS Data-Date Field"},{"processGroupName":"NiFi Flow","processorName":"Fetch RDBMS Data","processorId":"a3eb6450-1f53-3e1e-c04a-c8f9f7b7e321","processGroupId":"c6171010-015f-1000-fd12-3c202b4eb85e","processorType":"com.thinkbiganalytics.nifi.v2.ingest.GetTableData","key":"Load Strategy","value":"FULL_LOAD","expressionProperties":null,"propertyDescriptor":{"name":"Load Strategy","displayName":null,"description":null,"defaultValue":null,"allowableValues":null,"required":null,"sensitive":null,"dynamic":null,"supportsEl":null,"identifiesControllerService":null},"templateValue":"FULL_LOAD","userEditable":true,"renderType":"text","renderOptions":{},"selected":true,"inputProperty":false,"containsConfigurationVariables":false,"sensitive":false,"required":false,"templateProperty":null,"idKey":"c6171010-015f-1000-fd12-3c202b4eb85e-a3eb6450-1f53-3e1e-c04a-c8f9f7b7e321-Load Strategy","processorNameTypeKey":"Fetch RDBMS Data-com.thinkbiganalytics.nifi.v2.ingest.GetTableData-Load Strategy","nameKey":"NiFi Flow-Fetch RDBMS Data-Load Strategy"},{"processGroupName":"NiFi Flow","processorName":"Fetch RDBMS Data","processorId":"a3eb6450-1f53-3e1e-c04a-c8f9f7b7e321","processGroupId":"c6171010-015f-1000-fd12-3c202b4eb85e","processorType":"com.thinkbiganalytics.nifi.v2.ingest.GetTableData","key":"Output Type","value":"DELIMITED","expressionProperties":null,"propertyDescriptor":{"name":"Output Type","displayName":"Output Type","description":"How should the results be returned.  Either a Delimited output such as CSV, or AVRO.  If delimited you must specify the delimiter.","defaultValue":"DELIMITED","allowableValues":[{"displayName":"DELIMITED","value":"DELIMITED","description":null},{"displayName":"AVRO","value":"AVRO","description":null}],"required":true,"sensitive":false,"dynamic":false,"supportsEl":false,"identifiesControllerService":null},"templateValue":"DELIMITED","userEditable":true,"renderType":"select","renderOptions":{},"selected":true,"inputProperty":false,"containsConfigurationVariables":false,"sensitive":false,"required":true,"templateProperty":null,"idKey":"c6171010-015f-1000-fd12-3c202b4eb85e-a3eb6450-1f53-3e1e-c04a-c8f9f7b7e321-Output Type","processorNameTypeKey":"Fetch RDBMS Data-com.thinkbiganalytics.nifi.v2.ingest.GetTableData-Output Type","nameKey":"NiFi Flow-Fetch RDBMS Data-Output Type"},{"processGroupName":"NiFi Flow","processorName":"Fetch RDBMS Data","processorId":"a3eb6450-1f53-3e1e-c04a-c8f9f7b7e321","processGroupId":"c6171010-015f-1000-fd12-3c202b4eb85e","processorType":"com.thinkbiganalytics.nifi.v2.ingest.GetTableData","key":"Source Database Connection","value":"","expressionProperties":null,"propertyDescriptor":{"name":"Source Database Connection","displayName":null,"description":null,"defaultValue":null,"allowableValues":[{"displayName":"Kylo MySQL","value":"53f4ba05-015e-1000-3536-926e2047bf84","description":null}],"required":null,"sensitive":null,"dynamic":null,"supportsEl":null,"identifiesControllerService":"org.apache.nifi.dbcp.DBCPService"},"templateValue":"","userEditable":true,"renderType":"select","renderOptions":{},"selected":true,"inputProperty":false,"containsConfigurationVariables":false,"sensitive":false,"required":false,"templateProperty":null,"idKey":"c6171010-015f-1000-fd12-3c202b4eb85e-a3eb6450-1f53-3e1e-c04a-c8f9f7b7e321-Source Database Connection","processorNameTypeKey":"Fetch RDBMS Data-com.thinkbiganalytics.nifi.v2.ingest.GetTableData-Source Database Connection","nameKey":"NiFi Flow-Fetch RDBMS Data-Source Database Connection"},{"processGroupName":"NiFi Flow","processorName":"Fetch RDBMS Data","processorId":"a3eb6450-1f53-3e1e-c04a-c8f9f7b7e321","processGroupId":"c6171010-015f-1000-fd12-3c202b4eb85e","processorType":"com.thinkbiganalytics.nifi.v2.ingest.GetTableData","key":"Source Fields","value":"${metadata.table.sourceFields}","expressionProperties":null,"propertyDescriptor":{"name":"Source Fields","displayName":null,"description":null,"defaultValue":null,"allowableValues":null,"required":null,"sensitive":null,"dynamic":null,"supportsEl":null,"identifiesControllerService":null},"templateValue":"${metadata.table.sourceFields}","userEditable":false,"renderType":"text","renderOptions":{},"selected":true,"inputProperty":false,"containsConfigurationVariables":false,"sensitive":false,"required":false,"templateProperty":null,"idKey":"c6171010-015f-1000-fd12-3c202b4eb85e-a3eb6450-1f53-3e1e-c04a-c8f9f7b7e321-Source Fields","processorNameTypeKey":"Fetch RDBMS Data-com.thinkbiganalytics.nifi.v2.ingest.GetTableData-Source Fields","nameKey":"NiFi Flow-Fetch RDBMS Data-Source Fields"},{"processGroupName":"NiFi Flow","processorName":"Fetch RDBMS Data","processorId":"a3eb6450-1f53-3e1e-c04a-c8f9f7b7e321","processGroupId":"c6171010-015f-1000-fd12-3c202b4eb85e","processorType":"com.thinkbiganalytics.nifi.v2.ingest.GetTableData","key":"Source Table","value":"${metadata.table.sourceTableSchema.name}","expressionProperties":null,"propertyDescriptor":{"name":"Source Table","displayName":null,"description":null,"defaultValue":null,"allowableValues":null,"required":null,"sensitive":null,"dynamic":null,"supportsEl":null,"identifiesControllerService":null},"templateValue":"${metadata.table.sourceTableSchema.name}","userEditable":false,"renderType":"select","renderOptions":{},"selected":true,"inputProperty":false,"containsConfigurationVariables":false,"sensitive":false,"required":false,"templateProperty":null,"idKey":"c6171010-015f-1000-fd12-3c202b4eb85e-a3eb6450-1f53-3e1e-c04a-c8f9f7b7e321-Source Table","processorNameTypeKey":"Fetch RDBMS Data-com.thinkbiganalytics.nifi.v2.ingest.GetTableData-Source Table","nameKey":"NiFi Flow-Fetch RDBMS Data-Source Table"},{"processGroupName":"NiFi Flow","processorName":"Fetch RDBMS Data","processorId":"a3eb6450-1f53-3e1e-c04a-c8f9f7b7e321","processGroupId":"c6171010-015f-1000-fd12-3c202b4eb85e","processorType":"com.thinkbiganalytics.nifi.v2.ingest.GetTableData","key":"System feed category","value":"${metadata.category.systemName}","expressionProperties":null,"propertyDescriptor":{"name":"System feed category","displayName":null,"description":null,"defaultValue":null,"allowableValues":null,"required":null,"sensitive":null,"dynamic":null,"supportsEl":null,"identifiesControllerService":null},"templateValue":"${metadata.category.systemName}","userEditable":false,"renderType":"text","renderOptions":{},"selected":true,"inputProperty":false,"containsConfigurationVariables":false,"sensitive":false,"required":false,"templateProperty":null,"idKey":"c6171010-015f-1000-fd12-3c202b4eb85e-a3eb6450-1f53-3e1e-c04a-c8f9f7b7e321-System feed category","processorNameTypeKey":"Fetch RDBMS Data-com.thinkbiganalytics.nifi.v2.ingest.GetTableData-System feed category","nameKey":"NiFi Flow-Fetch RDBMS Data-System feed category"},{"processGroupName":"NiFi Flow","processorName":"Fetch RDBMS Data","processorId":"a3eb6450-1f53-3e1e-c04a-c8f9f7b7e321","processGroupId":"c6171010-015f-1000-fd12-3c202b4eb85e","processorType":"com.thinkbiganalytics.nifi.v2.ingest.GetTableData","key":"System feed name","value":"${metadata.systemFeedName}","expressionProperties":null,"propertyDescriptor":{"name":"System feed name","displayName":null,"description":null,"defaultValue":null,"allowableValues":null,"required":null,"sensitive":null,"dynamic":null,"supportsEl":null,"identifiesControllerService":null},"templateValue":"${metadata.systemFeedName}","userEditable":false,"renderType":"text","renderOptions":{},"selected":true,"inputProperty":false,"containsConfigurationVariables":false,"sensitive":false,"required":false,"templateProperty":null,"idKey":"c6171010-015f-1000-fd12-3c202b4eb85e-a3eb6450-1f53-3e1e-c04a-c8f9f7b7e321-System feed name","processorNameTypeKey":"Fetch RDBMS Data-com.thinkbiganalytics.nifi.v2.ingest.GetTableData-System feed name","nameKey":"NiFi Flow-Fetch RDBMS Data-System feed name"}],"type":"com.thinkbiganalytics.nifi.v2.ingest.GetTableData","name":"Fetch RDBMS Data","id":"a3eb6450-1f53-3e1e-c04a-c8f9f7b7e321","groupName":"NiFi Flow","groupId":"c6171010-015f-1000-fd12-3c202b4eb85e","inputProcessor":false,"userDefinedInputProcessor":false},{"properties":[{"processGroupName":"NiFi Flow","processorName":"Failed - Release Highwater Mark","processorId":"83b7711f-dff2-39f1-c67a-f9a6122d8496","processGroupId":"c6171010-015f-1000-fd12-3c202b4eb85e","processorType":"com.thinkbiganalytics.nifi.v2.core.watermark.ReleaseHighWaterMark","key":"System feed category","value":"${metadata.category.systemName}","expressionProperties":null,"propertyDescriptor":{"name":"System feed category","displayName":null,"description":null,"defaultValue":null,"allowableValues":null,"required":null,"sensitive":null,"dynamic":null,"supportsEl":null,"identifiesControllerService":null},"templateValue":"${metadata.category.systemName}","userEditable":false,"renderType":"text","renderOptions":{},"selected":true,"inputProperty":false,"containsConfigurationVariables":false,"sensitive":false,"required":false,"templateProperty":null,"idKey":"c6171010-015f-1000-fd12-3c202b4eb85e-83b7711f-dff2-39f1-c67a-f9a6122d8496-System feed category","processorNameTypeKey":"Failed - Release Highwater Mark-com.thinkbiganalytics.nifi.v2.core.watermark.ReleaseHighWaterMark-System feed category","nameKey":"NiFi Flow-Failed - Release Highwater Mark-System feed category"},{"processGroupName":"NiFi Flow","processorName":"Failed - Release Highwater Mark","processorId":"83b7711f-dff2-39f1-c67a-f9a6122d8496","processGroupId":"c6171010-015f-1000-fd12-3c202b4eb85e","processorType":"com.thinkbiganalytics.nifi.v2.core.watermark.ReleaseHighWaterMark","key":"System feed name","value":"${metadata.systemFeedName}","expressionProperties":null,"propertyDescriptor":{"name":"System feed name","displayName":null,"description":null,"defaultValue":null,"allowableValues":null,"required":null,"sensitive":null,"dynamic":null,"supportsEl":null,"identifiesControllerService":null},"templateValue":"${metadata.systemFeedName}","userEditable":false,"renderType":"text","renderOptions":{},"selected":true,"inputProperty":false,"containsConfigurationVariables":false,"sensitive":false,"required":false,"templateProperty":null,"idKey":"c6171010-015f-1000-fd12-3c202b4eb85e-83b7711f-dff2-39f1-c67a-f9a6122d8496-System feed name","processorNameTypeKey":"Failed - Release Highwater Mark-com.thinkbiganalytics.nifi.v2.core.watermark.ReleaseHighWaterMark-System feed name","nameKey":"NiFi Flow-Failed - Release Highwater Mark-System feed name"}],"type":"com.thinkbiganalytics.nifi.v2.core.watermark.ReleaseHighWaterMark","name":"Failed - Release Highwater Mark","id":"83b7711f-dff2-39f1-c67a-f9a6122d8496","groupName":"NiFi Flow","groupId":"c6171010-015f-1000-fd12-3c202b4eb85e","inputProcessor":false,"userDefinedInputProcessor":false},{"properties":[{"processGroupName":"NiFi Flow","processorName":"Initialize Cleanup Parameters","processorId":"2a2ed2fe-8c02-3091-0ab7-c03cfdcb5ef4","processGroupId":"c6171010-015f-1000-fd12-3c202b4eb85e","processorType":"org.apache.nifi.processors.attributes.UpdateAttribute","key":"category","value":"${metadata.category.systemName}","expressionProperties":null,"propertyDescriptor":{"name":"category","displayName":null,"description":null,"defaultValue":null,"allowableValues":null,"required":null,"sensitive":null,"dynamic":null,"supportsEl":null,"identifiesControllerService":null},"templateValue":"${metadata.category.systemName}","userEditable":false,"renderType":"text","renderOptions":{},"selected":true,"inputProperty":false,"containsConfigurationVariables":false,"sensitive":false,"required":false,"templateProperty":null,"idKey":"c6171010-015f-1000-fd12-3c202b4eb85e-2a2ed2fe-8c02-3091-0ab7-c03cfdcb5ef4-category","processorNameTypeKey":"Initialize Cleanup Parameters-org.apache.nifi.processors.attributes.UpdateAttribute-category","nameKey":"NiFi Flow-Initialize Cleanup Parameters-category"},{"processGroupName":"NiFi Flow","processorName":"Initialize Cleanup Parameters","processorId":"2a2ed2fe-8c02-3091-0ab7-c03cfdcb5ef4","processGroupId":"c6171010-015f-1000-fd12-3c202b4eb85e","processorType":"org.apache.nifi.processors.attributes.UpdateAttribute","key":"feed","value":"${metadata.systemFeedName}","expressionProperties":null,"propertyDescriptor":{"name":"feed","displayName":null,"description":null,"defaultValue":null,"allowableValues":null,"required":null,"sensitive":null,"dynamic":null,"supportsEl":null,"identifiesControllerService":null},"templateValue":"${metadata.systemFeedName}","userEditable":false,"renderType":"text","renderOptions":{},"selected":true,"inputProperty":false,"containsConfigurationVariables":false,"sensitive":false,"required":false,"templateProperty":null,"idKey":"c6171010-015f-1000-fd12-3c202b4eb85e-2a2ed2fe-8c02-3091-0ab7-c03cfdcb5ef4-feed","processorNameTypeKey":"Initialize Cleanup Parameters-org.apache.nifi.processors.attributes.UpdateAttribute-feed","nameKey":"NiFi Flow-Initialize Cleanup Parameters-feed"},{"processGroupName":"NiFi Flow","processorName":"Initialize Cleanup Parameters","processorId":"2a2ed2fe-8c02-3091-0ab7-c03cfdcb5ef4","processGroupId":"c6171010-015f-1000-fd12-3c202b4eb85e","processorType":"org.apache.nifi.processors.attributes.UpdateAttribute","key":"hdfs.ingest.root","value":"${config.hdfs.ingest.root}","expressionProperties":null,"propertyDescriptor":{"name":"hdfs.ingest.root","displayName":null,"description":null,"defaultValue":null,"allowableValues":null,"required":null,"sensitive":null,"dynamic":null,"supportsEl":null,"identifiesControllerService":null},"templateValue":"${config.hdfs.ingest.root}","userEditable":false,"renderType":"text","renderOptions":{},"selected":true,"inputProperty":false,"containsConfigurationVariables":false,"sensitive":false,"required":false,"templateProperty":null,"idKey":"c6171010-015f-1000-fd12-3c202b4eb85e-2a2ed2fe-8c02-3091-0ab7-c03cfdcb5ef4-hdfs.ingest.root","processorNameTypeKey":"Initialize Cleanup Parameters-org.apache.nifi.processors.attributes.UpdateAttribute-hdfs.ingest.root","nameKey":"NiFi Flow-Initialize Cleanup Parameters-hdfs.ingest.root"},{"processGroupName":"NiFi Flow","processorName":"Initialize Cleanup Parameters","processorId":"2a2ed2fe-8c02-3091-0ab7-c03cfdcb5ef4","processGroupId":"c6171010-015f-1000-fd12-3c202b4eb85e","processorType":"org.apache.nifi.processors.attributes.UpdateAttribute","key":"hive.ingest.root","value":"${config.hive.ingest.root}","expressionProperties":null,"propertyDescriptor":{"name":"hive.ingest.root","displayName":null,"description":null,"defaultValue":null,"allowableValues":null,"required":null,"sensitive":null,"dynamic":null,"supportsEl":null,"identifiesControllerService":null},"templateValue":"${config.hive.ingest.root}","userEditable":false,"renderType":"text","renderOptions":{},"selected":true,"inputProperty":false,"containsConfigurationVariables":false,"sensitive":false,"required":false,"templateProperty":null,"idKey":"c6171010-015f-1000-fd12-3c202b4eb85e-2a2ed2fe-8c02-3091-0ab7-c03cfdcb5ef4-hive.ingest.root","processorNameTypeKey":"Initialize Cleanup Parameters-org.apache.nifi.processors.attributes.UpdateAttribute-hive.ingest.root","nameKey":"NiFi Flow-Initialize Cleanup Parameters-hive.ingest.root"},{"processGroupName":"NiFi Flow","processorName":"Initialize Cleanup Parameters","processorId":"2a2ed2fe-8c02-3091-0ab7-c03cfdcb5ef4","processGroupId":"c6171010-015f-1000-fd12-3c202b4eb85e","processorType":"org.apache.nifi.processors.attributes.UpdateAttribute","key":"hive.master.root","value":"${config.hive.master.root}","expressionProperties":null,"propertyDescriptor":{"name":"hive.master.root","displayName":null,"description":null,"defaultValue":null,"allowableValues":null,"required":null,"sensitive":null,"dynamic":null,"supportsEl":null,"identifiesControllerService":null},"templateValue":"${config.hive.master.root}","userEditable":false,"renderType":"text","renderOptions":{},"selected":true,"inputProperty":false,"containsConfigurationVariables":false,"sensitive":false,"required":false,"templateProperty":null,"idKey":"c6171010-015f-1000-fd12-3c202b4eb85e-2a2ed2fe-8c02-3091-0ab7-c03cfdcb5ef4-hive.master.root","processorNameTypeKey":"Initialize Cleanup Parameters-org.apache.nifi.processors.attributes.UpdateAttribute-hive.master.root","nameKey":"NiFi Flow-Initialize Cleanup Parameters-hive.master.root"},{"processGroupName":"NiFi Flow","processorName":"Initialize Cleanup Parameters","processorId":"2a2ed2fe-8c02-3091-0ab7-c03cfdcb5ef4","processGroupId":"c6171010-015f-1000-fd12-3c202b4eb85e","processorType":"org.apache.nifi.processors.attributes.UpdateAttribute","key":"hive.profile.root","value":"${config.hive.profile.root}","expressionProperties":null,"propertyDescriptor":{"name":"hive.profile.root","displayName":null,"description":null,"defaultValue":null,"allowableValues":null,"required":null,"sensitive":null,"dynamic":null,"supportsEl":null,"identifiesControllerService":null},"templateValue":"${config.hive.profile.root}","userEditable":false,"renderType":"text","renderOptions":{},"selected":true,"inputProperty":false,"containsConfigurationVariables":false,"sensitive":false,"required":false,"templateProperty":null,"idKey":"c6171010-015f-1000-fd12-3c202b4eb85e-2a2ed2fe-8c02-3091-0ab7-c03cfdcb5ef4-hive.profile.root","processorNameTypeKey":"Initialize Cleanup Parameters-org.apache.nifi.processors.attributes.UpdateAttribute-hive.profile.root","nameKey":"NiFi Flow-Initialize Cleanup Parameters-hive.profile.root"}],"type":"org.apache.nifi.processors.attributes.UpdateAttribute","name":"Initialize Cleanup Parameters","id":"2a2ed2fe-8c02-3091-0ab7-c03cfdcb5ef4","groupName":"NiFi Flow","groupId":"c6171010-015f-1000-fd12-3c202b4eb85e","inputProcessor":false,"userDefinedInputProcessor":false}],"inputProcessors":[{"properties":[{"processGroupName":"NiFi Flow","processorName":"Database","processorId":"ff66ed3f-b948-38ce-3012-8ad9401c861e","processGroupId":"c6171010-015f-1000-fd12-3c202b4eb85e","processorType":"com.thinkbiganalytics.nifi.v2.core.watermark.LoadHighWaterMark","key":"System feed category","value":"${metadata.category.systemName}","expressionProperties":null,"propertyDescriptor":{"name":"System feed category","displayName":null,"description":null,"defaultValue":null,"allowableValues":null,"required":null,"sensitive":null,"dynamic":null,"supportsEl":null,"identifiesControllerService":null},"templateValue":"${metadata.category.systemName}","userEditable":false,"renderType":"text","renderOptions":{},"selected":true,"inputProperty":true,"containsConfigurationVariables":false,"sensitive":false,"required":false,"templateProperty":null,"idKey":"c6171010-015f-1000-fd12-3c202b4eb85e-ff66ed3f-b948-38ce-3012-8ad9401c861e-System feed category","processorNameTypeKey":"Database-com.thinkbiganalytics.nifi.v2.core.watermark.LoadHighWaterMark-System feed category","nameKey":"NiFi Flow-Database-System feed category"},{"processGroupName":"NiFi Flow","processorName":"Database","processorId":"ff66ed3f-b948-38ce-3012-8ad9401c861e","processGroupId":"c6171010-015f-1000-fd12-3c202b4eb85e","processorType":"com.thinkbiganalytics.nifi.v2.core.watermark.LoadHighWaterMark","key":"System feed name","value":"${metadata.systemFeedName}","expressionProperties":null,"propertyDescriptor":{"name":"System feed name","displayName":null,"description":null,"defaultValue":null,"allowableValues":null,"required":null,"sensitive":null,"dynamic":null,"supportsEl":null,"identifiesControllerService":null},"templateValue":"${metadata.systemFeedName}","userEditable":false,"renderType":"text","renderOptions":{},"selected":true,"inputProperty":true,"containsConfigurationVariables":false,"sensitive":false,"required":false,"templateProperty":null,"idKey":"c6171010-015f-1000-fd12-3c202b4eb85e-ff66ed3f-b948-38ce-3012-8ad9401c861e-System feed name","processorNameTypeKey":"Database-com.thinkbiganalytics.nifi.v2.core.watermark.LoadHighWaterMark-System feed name","nameKey":"NiFi Flow-Database-System feed name"}],"type":"com.thinkbiganalytics.nifi.v2.core.watermark.LoadHighWaterMark","name":"Database","id":"ff66ed3f-b948-38ce-3012-8ad9401c861e","groupName":"NiFi Flow","groupId":"c6171010-015f-1000-fd12-3c202b4eb85e","inputProcessor":true,"userDefinedInputProcessor":false},{"properties":[{"processGroupName":"NiFi Flow","processorName":"Filesystem","processorId":"719e87ad-b373-38fe-4f3b-eab59d5f9abc","processGroupId":"c6171010-015f-1000-fd12-3c202b4eb85e","processorType":"org.apache.nifi.processors.standard.GetFile","key":"File Filter","value":"mydata\\d{1,3}.csv","expressionProperties":null,"propertyDescriptor":{"name":"File Filter","displayName":null,"description":null,"defaultValue":null,"allowableValues":null,"required":null,"sensitive":null,"dynamic":null,"supportsEl":null,"identifiesControllerService":null},"templateValue":"mydata\\d{1,3}.csv","userEditable":true,"renderType":"text","renderOptions":{},"selected":true,"inputProperty":true,"containsConfigurationVariables":false,"sensitive":false,"required":false,"templateProperty":null,"idKey":"c6171010-015f-1000-fd12-3c202b4eb85e-719e87ad-b373-38fe-4f3b-eab59d5f9abc-File Filter","processorNameTypeKey":"Filesystem-org.apache.nifi.processors.standard.GetFile-File Filter","nameKey":"NiFi Flow-Filesystem-File Filter"},{"processGroupName":"NiFi Flow","processorName":"Filesystem","processorId":"719e87ad-b373-38fe-4f3b-eab59d5f9abc","processGroupId":"c6171010-015f-1000-fd12-3c202b4eb85e","processorType":"org.apache.nifi.processors.standard.GetFile","key":"Input Directory","value":"/var/dropzone","expressionProperties":null,"propertyDescriptor":{"name":"Input Directory","displayName":null,"description":null,"defaultValue":null,"allowableValues":null,"required":null,"sensitive":null,"dynamic":null,"supportsEl":null,"identifiesControllerService":null},"templateValue":"/var/dropzone","userEditable":true,"renderType":"text","renderOptions":{},"selected":true,"inputProperty":true,"containsConfigurationVariables":false,"sensitive":false,"required":false,"templateProperty":null,"idKey":"c6171010-015f-1000-fd12-3c202b4eb85e-719e87ad-b373-38fe-4f3b-eab59d5f9abc-Input Directory","processorNameTypeKey":"Filesystem-org.apache.nifi.processors.standard.GetFile-Input Directory","nameKey":"NiFi Flow-Filesystem-Input Directory"}],"type":"org.apache.nifi.processors.standard.GetFile","name":"Filesystem","id":"719e87ad-b373-38fe-4f3b-eab59d5f9abc","groupName":"NiFi Flow","groupId":"c6171010-015f-1000-fd12-3c202b4eb85e","inputProcessor":true,"userDefinedInputProcessor":false}],"id":"3257ea1e-7015-4169-8f75-9d7283802676","nifiTemplateId":"2fb5281b-3af0-417b-92b8-9325474765f1","templateName":"Data Ingest","updateDate":1522867668503,"createDate":1504647108474,"icon":"keyboard_tab","iconColor":"#66BB6A","description":"Standard Data Ingest","state":"ENABLED","defineTable":true,"reusableTemplate":false,"reusableTemplateConnections":[{"feedOutputPortName":"to-standard-ingest","reusableTemplateInputPortName":"standard-ingest","inputPortDisplayName":"standard-ingest"},{"feedOutputPortName":"to-standard-cleanup","reusableTemplateInputPortName":"standard-cleanup","inputPortDisplayName":"standard-cleanup"}],"registeredDatasourceDefinitions":[{"processorType":"com.thinkbiganalytics.nifi.v2.ingest.GetTableData","processorName":"Fetch RDBMS Data","processorId":"a3eb6450-1f53-3e1e-0000-000000000000","datasourceDefinition":{"processorType":"com.thinkbiganalytics.nifi.v2.ingest.GetTableData","connectionType":"SOURCE","datasourcePropertyKeys":["Source Database Connection","Source Table"],"datasourceType":"DatabaseDatasource","identityString":"${Source Table} - ${Source Database Connection}","description":null,"title":"${Source Table}"}},{"processorType":"org.apache.nifi.processors.standard.GetFile","processorName":"Filesystem","processorId":"719e87ad-b373-38fe-0000-000000000000","datasourceDefinition":{"processorType":"org.apache.nifi.processors.standard.GetFile","connectionType":"SOURCE","datasourcePropertyKeys":["Input Directory","File Filter"],"datasourceType":"DirectoryDatasource","identityString":"${Input Directory}/${File Filter}","description":" Directory or File source","title":"${Input Directory}/${File Filter}"}},{"processorType":"com.thinkbiganalytics.nifi.v2.ingest.MergeTable","processorName":"Merge Table","processorId":"bea3d044-f90d-3906-9f7f-b412eb2ac092","datasourceDefinition":{"processorType":"com.thinkbiganalytics.nifi.v2.ingest.MergeTable","connectionType":"DESTINATION","datasourcePropertyKeys":["Target schema","Target table"],"datasourceType":"HiveDatasource","identityString":"${Target schema}.${Target table}","description":null,"title":"${Target schema}.${Target table}"}}],"order":1,"templateOrder":null,"feedsCount":3,"templateTableOption":"DEFINE_TABLE","timeBetweenStartingBatchJobs":1000,"stream":false,"allowPreconditions":false,"dataTransformation":false,"isStream":false}