{"owner":{"displayName":"Data Lake Administrator","email":null,"enabled":true,"groups":["admin","user"],"systemName":"dladmin"},"allowedActions":{"actions":[{"systemName":"accessFeed","actions":[{"systemName":"editFeedSummary"},{"systemName":"accessFeedDetails","actions":[{"systemName":"editFeedDetails"},{"systemName":"deleteFeed"},{"systemName":"enableFeed"},{"systemName":"exportFeed"}]},{"systemName":"accessFeedOperations"},{"systemName":"changeFeedPermissions"}]}]},"id":"918b708e-6883-49be-bb0f-cdd2d8ea99e3","feedId":"918b708e-6883-49be-bb0f-cdd2d8ea99e3","templateId":"f9324a0b-ae2e-4127-bac0-b3025824bd1f","templateName":"Import Kylo Templates and Feeds","schedule":{"processorId":null,"schedulingPeriod":"15 sec","schedulingStrategy":"TIMER_DRIVEN","concurrentTasks":1,"executionNode":null,"preconditions":null},"feedName":"Import Kylo Templates and Feeds","systemFeedName":"import_kylo_templates_and_feeds","description":"Import all Kylo templates and feeds placed in the Kylo-CD directory","category":{"owner":null,"allowedActions":null,"roleMemberships":[],"feedRoleMemberships":[],"id":"71c1b793-0f40-402c-a5a0-de3062f9e5e6","name":"System","systemName":"system","icon":"cloud","iconColor":"#FFCA28","description":"System Data","allowIndexing":false,"securityGroups":null,"userFields":null,"userProperties":null,"relatedFeeds":0,"createDate":1520786347020,"updateDate":1523117010997},"table":{"fieldStructure":"","existingTableName":null,"tableSchema":{"name":"import_kylo_templates_and_feeds","description":null,"charset":null,"properties":{},"fields":[],"schemaName":null,"databaseName":null,"id":null},"sourceTableSchema":{"name":"NA","description":null,"charset":null,"properties":{},"fields":[],"schemaName":null,"databaseName":null,"id":null},"feedTableSchema":{"name":null,"description":null,"charset":null,"properties":{},"fields":[],"schemaName":null,"databaseName":null,"id":null},"method":"SAMPLE_FILE","description":"","fieldPolicies":[],"partitions":[],"tableType":null,"incrementalDateField":null,"sourceTableIncrementalDateField":null,"options":{"compress":false,"auditLogging":true,"encrypt":false,"trackHistory":false,"compressionFormat":null},"feedFormat":"ROW FORMAT SERDE 'org.apache.hadoop.hive.serde2.OpenCSVSerde' WITH SERDEPROPERTIES ( 'separatorChar' = ',' ,'escapeChar' = '\\\\' ,'quoteChar' = '\"') STORED AS TEXTFILE","targetFormat":null,"targetTblProperties":"","targetMergeStrategy":"DEDUPE_AND_MERGE","fieldPoliciesJson":"[]","fieldIndexString":"","partitionStructure":"","partitionSpecs":"","fieldsString":"","sourceFields":"NA","sourceFieldsCommaString":"NA","feedFieldStructure":"","nullableFields":"","primaryKeyFields":"","sourceTargetFieldMap":{},"targetSourceFieldMap":{}},"createDate":1523117010997,"updateDate":1523117010997,"dataTransformation":{"chartViewModel":null,"datasourceIds":null,"dataTransformScript":null,"sql":null,"states":[]},"active":true,"state":"DISABLED","nifiProcessGroupId":"a0d92e66-0162-1000-fcd9-426c7900bb4d","options":{"skipHeader":false},"registeredTemplate":{"owner":{"displayName":"Data Lake Administrator","email":null,"enabled":true,"groups":["admin","user"],"systemName":"dladmin"},"allowedActions":{"actions":[{"systemName":"accessTemplate","actions":[{"systemName":"editTemplate"},{"systemName":"deleteTemplate"},{"systemName":"exportTemplate"},{"systemName":"createFeedFromTemplate"},{"systemName":"changeTemplatePermissions"}]}]},"roleMemberships":[],"feedRoleMemberships":[],"properties":[],"nonInputProcessors":null,"inputProcessors":[],"id":"f9324a0b-ae2e-4127-bac0-b3025824bd1f","nifiTemplateId":"ecae744b-8c69-4ca4-a5ed-90da2473398b","templateName":"Import Kylo Templates and Feeds","updateDate":1523117424222,"createDate":1523116907273,"icon":"autorenew","iconColor":"#80CBC4","description":null,"state":"ENABLED","defineTable":false,"reusableTemplate":false,"reusableTemplateConnections":[],"registeredDatasourceDefinitions":[],"order":4,"templateOrder":null,"feedsCount":1,"templateTableOption":"NO_TABLE","timeBetweenStartingBatchJobs":1000,"stream":false,"allowPreconditions":false,"dataTransformation":false,"isStream":false},"allowIndexing":true,"historyReindexingStatus":"NEVER_RUN","categoryIcon":"cloud","categoryIconColor":"#FFCA28","categoryName":"System","systemCategoryName":"system","categoryAndFeedDisplayName":"System.Import Kylo Templates and Feeds","new":false,"categoryId":"71c1b793-0f40-402c-a5a0-de3062f9e5e6","reusableFeed":false}