<?xml version="1.0" ?>
<template encoding-version="1.1">
  <description>Scan Kylo continuous deployment directory (i.e., Kylo-CD) and load template and feed files that are placed there.</description>
  <groupId>15e55f37-0162-1000-9830-c0ff022545b9</groupId>
  <name>Import Kylo Templates and Feeds</name>
  <snippet>
    <processors>
      <id>c4f17974-c0ed-3590-0000-000000000000</id>
      <parentGroupId>a88b2fdb-a22b-3684-0000-000000000000</parentGroupId>
      <position>
        <x>0.0</x>
        <y>0.0</y>
      </position>
      <bundle>
        <artifact>nifi-standard-nar</artifact>
        <group>org.apache.nifi</group>
        <version>1.4.0</version>
      </bundle>
      <config>
        <bulletinLevel>WARN</bulletinLevel>
        <comments></comments>
        <concurrentlySchedulableTaskCount>1</concurrentlySchedulableTaskCount>
        <descriptors>
          <entry>
            <key>Command</key>
            <value>
              <name>Command</name>
            </value>
          </entry>
          <entry>
            <key>Command Arguments</key>
            <value>
              <name>Command Arguments</name>
            </value>
          </entry>
          <entry>
            <key>Batch Duration</key>
            <value>
              <name>Batch Duration</name>
            </value>
          </entry>
          <entry>
            <key>Redirect Error Stream</key>
            <value>
              <name>Redirect Error Stream</name>
            </value>
          </entry>
          <entry>
            <key>Argument Delimiter</key>
            <value>
              <name>Argument Delimiter</name>
            </value>
          </entry>
        </descriptors>
        <executionNode>ALL</executionNode>
        <lossTolerant>false</lossTolerant>
        <penaltyDuration>30 sec</penaltyDuration>
        <properties>
          <entry>
            <key>Command</key>
            <value>/home/nifi/Kylo-CD/import-kylo-files.sh</value>
          </entry>
          <entry>
            <key>Command Arguments</key>
          </entry>
          <entry>
            <key>Batch Duration</key>
          </entry>
          <entry>
            <key>Redirect Error Stream</key>
            <value>false</value>
          </entry>
          <entry>
            <key>Argument Delimiter</key>
            <value> </value>
          </entry>
        </properties>
        <runDurationMillis>0</runDurationMillis>
        <schedulingPeriod>30 sec</schedulingPeriod>
        <schedulingStrategy>TIMER_DRIVEN</schedulingStrategy>
        <yieldDuration>1 sec</yieldDuration>
      </config>
      <name>ExecuteProcess</name>
      <relationships>
        <autoTerminate>true</autoTerminate>
        <name>success</name>
      </relationships>
      <state>STOPPED</state>
      <style></style>
      <type>org.apache.nifi.processors.standard.ExecuteProcess</type>
    </processors>
  </snippet>
  <timestamp>04/07/2018 16:00:41 UTC</timestamp>
</template>