{"owner":{"displayName":"Data Lake Administrator","email":null,"enabled":true,"groups":["admin","user"],"systemName":"dladmin"},"allowedActions":{"actions":[{"systemName":"accessTemplate","actions":[{"systemName":"editTemplate"},{"systemName":"deleteTemplate"},{"systemName":"exportTemplate"},{"systemName":"createFeedFromTemplate"},{"systemName":"changeTemplatePermissions"}]}]},"roleMemberships":[],"feedRoleMemberships":[],"properties":[],"nonInputProcessors":[],"inputProcessors":[],"id":"f9324a0b-ae2e-4127-bac0-b3025824bd1f","nifiTemplateId":"ecae744b-8c69-4ca4-a5ed-90da2473398b","templateName":"Import Kylo Templates and Feeds","updateDate":1523117424222,"createDate":1523116907273,"icon":"autorenew","iconColor":"#80CBC4","description":null,"state":"ENABLED","defineTable":false,"reusableTemplate":false,"reusableTemplateConnections":[],"registeredDatasourceDefinitions":[],"order":4,"templateOrder":null,"feedsCount":1,"templateTableOption":"NO_TABLE","timeBetweenStartingBatchJobs":1000,"stream":false,"allowPreconditions":false,"dataTransformation":false,"isStream":false}