{"owner":{"displayName":"Data Lake Administrator","email":null,"enabled":true,"groups":["admin","user"],"systemName":"dladmin"},"allowedActions":{"actions":[{"systemName":"accessTemplate","actions":[{"systemName":"editTemplate"},{"systemName":"deleteTemplate"},{"systemName":"exportTemplate"},{"systemName":"createFeedFromTemplate"},{"systemName":"changeTemplatePermissions"}]}]},"roleMemberships":[],"feedRoleMemberships":[],"properties":[{"processGroupName":"NiFi Flow","processorName":"Trigger Cleanup","processorId":"aaa3bf24-1383-370a-71c0-9628328b2d91","processGroupId":"3726bb82-015d-1000-0c4e-f2572b2cc5b6","processorType":"com.thinkbiganalytics.nifi.v2.metadata.TriggerCleanup","key":"System feed category","value":"${metadata.category.systemName}","expressionProperties":null,"propertyDescriptor":{"name":"System feed category","displayName":null,"description":null,"defaultValue":null,"allowableValues":null,"required":null,"sensitive":null,"dynamic":null,"supportsEl":null,"identifiesControllerService":null},"templateValue":"${metadata.category.systemName}","userEditable":false,"renderType":"text","renderOptions":{},"selected":true,"inputProperty":true,"containsConfigurationVariables":false,"sensitive":false,"required":false,"templateProperty":null,"idKey":"3726bb82-015d-1000-0c4e-f2572b2cc5b6-aaa3bf24-1383-370a-71c0-9628328b2d91-System feed category","processorNameTypeKey":"Trigger Cleanup-com.thinkbiganalytics.nifi.v2.metadata.TriggerCleanup-System feed category","nameKey":"NiFi Flow-Trigger Cleanup-System feed category"},{"processGroupName":"NiFi Flow","processorName":"Trigger Cleanup","processorId":"aaa3bf24-1383-370a-71c0-9628328b2d91","processGroupId":"3726bb82-015d-1000-0c4e-f2572b2cc5b6","processorType":"com.thinkbiganalytics.nifi.v2.metadata.TriggerCleanup","key":"System feed name","value":"${metadata.systemFeedName}","expressionProperties":null,"propertyDescriptor":{"name":"System feed name","displayName":null,"description":null,"defaultValue":null,"allowableValues":null,"required":null,"sensitive":null,"dynamic":null,"supportsEl":null,"identifiesControllerService":null},"templateValue":"${metadata.systemFeedName}","userEditable":false,"renderType":"text","renderOptions":{},"selected":true,"inputProperty":true,"containsConfigurationVariables":false,"sensitive":false,"required":false,"templateProperty":null,"idKey":"3726bb82-015d-1000-0c4e-f2572b2cc5b6-aaa3bf24-1383-370a-71c0-9628328b2d91-System feed name","processorNameTypeKey":"Trigger Cleanup-com.thinkbiganalytics.nifi.v2.metadata.TriggerCleanup-System feed name","nameKey":"NiFi Flow-Trigger Cleanup-System feed name"},{"processGroupName":"NiFi Flow","processorName":"Update flow parameters","processorId":"092750e7-0c2a-3039-c16f-ca5b0482b909","processGroupId":"3726bb82-015d-1000-0c4e-f2572b2cc5b6","processorType":"org.apache.nifi.processors.attributes.UpdateAttribute","key":"category","value":"${metadata.category.systemName}","expressionProperties":null,"propertyDescriptor":{"name":"category","displayName":null,"description":null,"defaultValue":null,"allowableValues":null,"required":null,"sensitive":null,"dynamic":null,"supportsEl":null,"identifiesControllerService":null},"templateValue":"${metadata.category.systemName}","userEditable":false,"renderType":"text","renderOptions":{},"selected":true,"inputProperty":false,"containsConfigurationVariables":false,"sensitive":false,"required":false,"templateProperty":null,"idKey":"3726bb82-015d-1000-0c4e-f2572b2cc5b6-092750e7-0c2a-3039-c16f-ca5b0482b909-category","processorNameTypeKey":"Update flow parameters-org.apache.nifi.processors.attributes.UpdateAttribute-category","nameKey":"NiFi Flow-Update flow parameters-category"},{"processGroupName":"NiFi Flow","processorName":"Update flow parameters","processorId":"092750e7-0c2a-3039-c16f-ca5b0482b909","processGroupId":"3726bb82-015d-1000-0c4e-f2572b2cc5b6","processorType":"org.apache.nifi.processors.attributes.UpdateAttribute","key":"feed","value":"${metadata.systemFeedName}","expressionProperties":null,"propertyDescriptor":{"name":"feed","displayName":null,"description":null,"defaultValue":null,"allowableValues":null,"required":null,"sensitive":null,"dynamic":null,"supportsEl":null,"identifiesControllerService":null},"templateValue":"${metadata.systemFeedName}","userEditable":false,"renderType":"text","renderOptions":{},"selected":true,"inputProperty":false,"containsConfigurationVariables":false,"sensitive":false,"required":false,"templateProperty":null,"idKey":"3726bb82-015d-1000-0c4e-f2572b2cc5b6-092750e7-0c2a-3039-c16f-ca5b0482b909-feed","processorNameTypeKey":"Update flow parameters-org.apache.nifi.processors.attributes.UpdateAttribute-feed","nameKey":"NiFi Flow-Update flow parameters-feed"},{"processGroupName":"NiFi Flow","processorName":"Update flow parameters","processorId":"092750e7-0c2a-3039-c16f-ca5b0482b909","processGroupId":"3726bb82-015d-1000-0c4e-f2572b2cc5b6","processorType":"org.apache.nifi.processors.attributes.UpdateAttribute","key":"hdfs.ingest.root","value":"${config.hdfs.ingest.root}","expressionProperties":null,"propertyDescriptor":{"name":"hdfs.ingest.root","displayName":null,"description":null,"defaultValue":null,"allowableValues":null,"required":null,"sensitive":null,"dynamic":null,"supportsEl":null,"identifiesControllerService":null},"templateValue":"${config.hdfs.ingest.root}","userEditable":false,"renderType":"text","renderOptions":{},"selected":true,"inputProperty":false,"containsConfigurationVariables":false,"sensitive":false,"required":false,"templateProperty":null,"idKey":"3726bb82-015d-1000-0c4e-f2572b2cc5b6-092750e7-0c2a-3039-c16f-ca5b0482b909-hdfs.ingest.root","processorNameTypeKey":"Update flow parameters-org.apache.nifi.processors.attributes.UpdateAttribute-hdfs.ingest.root","nameKey":"NiFi Flow-Update flow parameters-hdfs.ingest.root"},{"processGroupName":"NiFi Flow","processorName":"Update flow parameters","processorId":"092750e7-0c2a-3039-c16f-ca5b0482b909","processGroupId":"3726bb82-015d-1000-0c4e-f2572b2cc5b6","processorType":"org.apache.nifi.processors.attributes.UpdateAttribute","key":"hive.ingest.root","value":"${config.hive.ingest.root}","expressionProperties":null,"propertyDescriptor":{"name":"hive.ingest.root","displayName":null,"description":null,"defaultValue":null,"allowableValues":null,"required":null,"sensitive":null,"dynamic":null,"supportsEl":null,"identifiesControllerService":null},"templateValue":"${config.hive.ingest.root}","userEditable":false,"renderType":"text","renderOptions":{},"selected":true,"inputProperty":false,"containsConfigurationVariables":false,"sensitive":false,"required":false,"templateProperty":null,"idKey":"3726bb82-015d-1000-0c4e-f2572b2cc5b6-092750e7-0c2a-3039-c16f-ca5b0482b909-hive.ingest.root","processorNameTypeKey":"Update flow parameters-org.apache.nifi.processors.attributes.UpdateAttribute-hive.ingest.root","nameKey":"NiFi Flow-Update flow parameters-hive.ingest.root"},{"processGroupName":"NiFi Flow","processorName":"Update flow parameters","processorId":"092750e7-0c2a-3039-c16f-ca5b0482b909","processGroupId":"3726bb82-015d-1000-0c4e-f2572b2cc5b6","processorType":"org.apache.nifi.processors.attributes.UpdateAttribute","key":"hive.master.root","value":"${config.hive.master.root}","expressionProperties":null,"propertyDescriptor":{"name":"hive.master.root","displayName":null,"description":null,"defaultValue":null,"allowableValues":null,"required":null,"sensitive":null,"dynamic":null,"supportsEl":null,"identifiesControllerService":null},"templateValue":"${config.hive.master.root}","userEditable":false,"renderType":"text","renderOptions":{},"selected":true,"inputProperty":false,"containsConfigurationVariables":false,"sensitive":false,"required":false,"templateProperty":null,"idKey":"3726bb82-015d-1000-0c4e-f2572b2cc5b6-092750e7-0c2a-3039-c16f-ca5b0482b909-hive.master.root","processorNameTypeKey":"Update flow parameters-org.apache.nifi.processors.attributes.UpdateAttribute-hive.master.root","nameKey":"NiFi Flow-Update flow parameters-hive.master.root"},{"processGroupName":"NiFi Flow","processorName":"Update flow parameters","processorId":"092750e7-0c2a-3039-c16f-ca5b0482b909","processGroupId":"3726bb82-015d-1000-0c4e-f2572b2cc5b6","processorType":"org.apache.nifi.processors.attributes.UpdateAttribute","key":"metadata.dataTransformation.dataTransformScript","value":"${metadata.dataTransformation.dataTransformScript}","expressionProperties":null,"propertyDescriptor":{"name":"metadata.dataTransformation.dataTransformScript","displayName":"metadata.dataTransformation.dataTransformScript","description":"","defaultValue":null,"allowableValues":null,"required":false,"sensitive":false,"dynamic":true,"supportsEl":true,"identifiesControllerService":null},"templateValue":"${metadata.dataTransformation.dataTransformScript}","userEditable":false,"renderType":"text","renderOptions":{},"selected":true,"inputProperty":false,"containsConfigurationVariables":false,"sensitive":false,"required":false,"templateProperty":null,"idKey":"3726bb82-015d-1000-0c4e-f2572b2cc5b6-092750e7-0c2a-3039-c16f-ca5b0482b909-metadata.dataTransformation.dataTransformScript","processorNameTypeKey":"Update flow parameters-org.apache.nifi.processors.attributes.UpdateAttribute-metadata.dataTransformation.dataTransformScript","nameKey":"NiFi Flow-Update flow parameters-metadata.dataTransformation.dataTransformScript"},{"processGroupName":"NiFi Flow","processorName":"Update flow parameters","processorId":"092750e7-0c2a-3039-c16f-ca5b0482b909","processGroupId":"3726bb82-015d-1000-0c4e-f2572b2cc5b6","processorType":"org.apache.nifi.processors.attributes.UpdateAttribute","key":"metadata.dataTransformation.datasourceIds","value":"${metadata.dataTransformation.datasourceIds}","expressionProperties":null,"propertyDescriptor":{"name":"metadata.dataTransformation.datasourceIds","displayName":"metadata.dataTransformation.datasourceIds","description":"","defaultValue":null,"allowableValues":null,"required":false,"sensitive":false,"dynamic":true,"supportsEl":true,"identifiesControllerService":null},"templateValue":"${metadata.dataTransformation.datasourceIds}","userEditable":false,"renderType":"text","renderOptions":{},"selected":true,"inputProperty":false,"containsConfigurationVariables":false,"sensitive":false,"required":false,"templateProperty":null,"idKey":"3726bb82-015d-1000-0c4e-f2572b2cc5b6-092750e7-0c2a-3039-c16f-ca5b0482b909-metadata.dataTransformation.datasourceIds","processorNameTypeKey":"Update flow parameters-org.apache.nifi.processors.attributes.UpdateAttribute-metadata.dataTransformation.datasourceIds","nameKey":"NiFi Flow-Update flow parameters-metadata.dataTransformation.datasourceIds"},{"processGroupName":"NiFi Flow","processorName":"Update flow parameters","processorId":"092750e7-0c2a-3039-c16f-ca5b0482b909","processGroupId":"3726bb82-015d-1000-0c4e-f2572b2cc5b6","processorType":"org.apache.nifi.processors.attributes.UpdateAttribute","key":"metadata.table.feedFieldStructure","value":"${metadata.table.feedFieldStructure}","expressionProperties":null,"propertyDescriptor":{"name":"metadata.table.feedFieldStructure","displayName":"metadata.table.feedFieldStructure","description":"","defaultValue":null,"allowableValues":null,"required":false,"sensitive":false,"dynamic":true,"supportsEl":true,"identifiesControllerService":null},"templateValue":"${metadata.table.feedFieldStructure}","userEditable":false,"renderType":"text","renderOptions":{},"selected":true,"inputProperty":false,"containsConfigurationVariables":false,"sensitive":false,"required":false,"templateProperty":null,"idKey":"3726bb82-015d-1000-0c4e-f2572b2cc5b6-092750e7-0c2a-3039-c16f-ca5b0482b909-metadata.table.feedFieldStructure","processorNameTypeKey":"Update flow parameters-org.apache.nifi.processors.attributes.UpdateAttribute-metadata.table.feedFieldStructure","nameKey":"NiFi Flow-Update flow parameters-metadata.table.feedFieldStructure"},{"processGroupName":"NiFi Flow","processorName":"Update flow parameters","processorId":"092750e7-0c2a-3039-c16f-ca5b0482b909","processGroupId":"3726bb82-015d-1000-0c4e-f2572b2cc5b6","processorType":"org.apache.nifi.processors.attributes.UpdateAttribute","key":"metadata.table.fieldIndexString","value":"${metadata.table.fieldIndexString}","expressionProperties":null,"propertyDescriptor":{"name":"metadata.table.fieldIndexString","displayName":"metadata.table.fieldIndexString","description":"","defaultValue":null,"allowableValues":null,"required":false,"sensitive":false,"dynamic":true,"supportsEl":true,"identifiesControllerService":null},"templateValue":"${metadata.table.fieldIndexString}","userEditable":false,"renderType":"text","renderOptions":{},"selected":true,"inputProperty":false,"containsConfigurationVariables":false,"sensitive":false,"required":false,"templateProperty":null,"idKey":"3726bb82-015d-1000-0c4e-f2572b2cc5b6-092750e7-0c2a-3039-c16f-ca5b0482b909-metadata.table.fieldIndexString","processorNameTypeKey":"Update flow parameters-org.apache.nifi.processors.attributes.UpdateAttribute-metadata.table.fieldIndexString","nameKey":"NiFi Flow-Update flow parameters-metadata.table.fieldIndexString"},{"processGroupName":"NiFi Flow","processorName":"Update flow parameters","processorId":"092750e7-0c2a-3039-c16f-ca5b0482b909","processGroupId":"3726bb82-015d-1000-0c4e-f2572b2cc5b6","processorType":"org.apache.nifi.processors.attributes.UpdateAttribute","key":"metadata.table.fieldPoliciesJson","value":"${metadata.table.fieldPoliciesJson}","expressionProperties":null,"propertyDescriptor":{"name":"metadata.table.fieldPoliciesJson","displayName":"metadata.table.fieldPoliciesJson","description":"","defaultValue":null,"allowableValues":null,"required":false,"sensitive":false,"dynamic":true,"supportsEl":true,"identifiesControllerService":null},"templateValue":"${metadata.table.fieldPoliciesJson}","userEditable":false,"renderType":"text","renderOptions":{},"selected":true,"inputProperty":false,"containsConfigurationVariables":false,"sensitive":false,"required":false,"templateProperty":null,"idKey":"3726bb82-015d-1000-0c4e-f2572b2cc5b6-092750e7-0c2a-3039-c16f-ca5b0482b909-metadata.table.fieldPoliciesJson","processorNameTypeKey":"Update flow parameters-org.apache.nifi.processors.attributes.UpdateAttribute-metadata.table.fieldPoliciesJson","nameKey":"NiFi Flow-Update flow parameters-metadata.table.fieldPoliciesJson"},{"processGroupName":"NiFi Flow","processorName":"Update flow parameters","processorId":"092750e7-0c2a-3039-c16f-ca5b0482b909","processGroupId":"3726bb82-015d-1000-0c4e-f2572b2cc5b6","processorType":"org.apache.nifi.processors.attributes.UpdateAttribute","key":"metadata.table.fieldStructure","value":"${metadata.table.fieldStructure}","expressionProperties":null,"propertyDescriptor":{"name":"metadata.table.fieldStructure","displayName":null,"description":null,"defaultValue":null,"allowableValues":null,"required":null,"sensitive":null,"dynamic":null,"supportsEl":null,"identifiesControllerService":null},"templateValue":"${metadata.table.fieldStructure}","userEditable":false,"renderType":"text","renderOptions":{},"selected":true,"inputProperty":false,"containsConfigurationVariables":false,"sensitive":false,"required":false,"templateProperty":null,"idKey":"3726bb82-015d-1000-0c4e-f2572b2cc5b6-092750e7-0c2a-3039-c16f-ca5b0482b909-metadata.table.fieldStructure","processorNameTypeKey":"Update flow parameters-org.apache.nifi.processors.attributes.UpdateAttribute-metadata.table.fieldStructure","nameKey":"NiFi Flow-Update flow parameters-metadata.table.fieldStructure"},{"processGroupName":"NiFi Flow","processorName":"Update flow parameters","processorId":"092750e7-0c2a-3039-c16f-ca5b0482b909","processGroupId":"3726bb82-015d-1000-0c4e-f2572b2cc5b6","processorType":"org.apache.nifi.processors.attributes.UpdateAttribute","key":"metadata.table.partitionSpecs","value":"${metadata.table.partitionSpecs}","expressionProperties":null,"propertyDescriptor":{"name":"metadata.table.partitionSpecs","displayName":"metadata.table.partitionSpecs","description":"","defaultValue":null,"allowableValues":null,"required":false,"sensitive":false,"dynamic":true,"supportsEl":true,"identifiesControllerService":null},"templateValue":"${metadata.table.partitionSpecs}","userEditable":false,"renderType":"text","renderOptions":{},"selected":true,"inputProperty":false,"containsConfigurationVariables":false,"sensitive":false,"required":false,"templateProperty":null,"idKey":"3726bb82-015d-1000-0c4e-f2572b2cc5b6-092750e7-0c2a-3039-c16f-ca5b0482b909-metadata.table.partitionSpecs","processorNameTypeKey":"Update flow parameters-org.apache.nifi.processors.attributes.UpdateAttribute-metadata.table.partitionSpecs","nameKey":"NiFi Flow-Update flow parameters-metadata.table.partitionSpecs"},{"processGroupName":"NiFi Flow","processorName":"Update flow parameters","processorId":"092750e7-0c2a-3039-c16f-ca5b0482b909","processGroupId":"3726bb82-015d-1000-0c4e-f2572b2cc5b6","processorType":"org.apache.nifi.processors.attributes.UpdateAttribute","key":"metadata.table.partitionStructure","value":"${metadata.table.partitionStructure}","expressionProperties":null,"propertyDescriptor":{"name":"metadata.table.partitionStructure","displayName":null,"description":null,"defaultValue":null,"allowableValues":null,"required":null,"sensitive":null,"dynamic":null,"supportsEl":null,"identifiesControllerService":null},"templateValue":"${metadata.table.partitionStructure}","userEditable":false,"renderType":"text","renderOptions":{},"selected":true,"inputProperty":false,"containsConfigurationVariables":false,"sensitive":false,"required":false,"templateProperty":null,"idKey":"3726bb82-015d-1000-0c4e-f2572b2cc5b6-092750e7-0c2a-3039-c16f-ca5b0482b909-metadata.table.partitionStructure","processorNameTypeKey":"Update flow parameters-org.apache.nifi.processors.attributes.UpdateAttribute-metadata.table.partitionStructure","nameKey":"NiFi Flow-Update flow parameters-metadata.table.partitionStructure"},{"processGroupName":"NiFi Flow","processorName":"Update flow parameters","processorId":"092750e7-0c2a-3039-c16f-ca5b0482b909","processGroupId":"3726bb82-015d-1000-0c4e-f2572b2cc5b6","processorType":"org.apache.nifi.processors.attributes.UpdateAttribute","key":"metadata.table.targetFormat","value":"${metadata.table.targetFormat}","expressionProperties":null,"propertyDescriptor":{"name":"metadata.table.targetFormat","displayName":null,"description":null,"defaultValue":null,"allowableValues":null,"required":null,"sensitive":null,"dynamic":null,"supportsEl":null,"identifiesControllerService":null},"templateValue":"${metadata.table.targetFormat}","userEditable":false,"renderType":"text","renderOptions":{},"selected":true,"inputProperty":false,"containsConfigurationVariables":false,"sensitive":false,"required":false,"templateProperty":null,"idKey":"3726bb82-015d-1000-0c4e-f2572b2cc5b6-092750e7-0c2a-3039-c16f-ca5b0482b909-metadata.table.targetFormat","processorNameTypeKey":"Update flow parameters-org.apache.nifi.processors.attributes.UpdateAttribute-metadata.table.targetFormat","nameKey":"NiFi Flow-Update flow parameters-metadata.table.targetFormat"},{"processGroupName":"NiFi Flow","processorName":"Update flow parameters","processorId":"092750e7-0c2a-3039-c16f-ca5b0482b909","processGroupId":"3726bb82-015d-1000-0c4e-f2572b2cc5b6","processorType":"org.apache.nifi.processors.attributes.UpdateAttribute","key":"metadata.table.targetMergeStrategy","value":"${metadata.table.targetMergeStrategy}","expressionProperties":null,"propertyDescriptor":{"name":"metadata.table.targetMergeStrategy","displayName":"metadata.table.targetMergeStrategy","description":"","defaultValue":null,"allowableValues":null,"required":false,"sensitive":false,"dynamic":true,"supportsEl":true,"identifiesControllerService":null},"templateValue":"${metadata.table.targetMergeStrategy}","userEditable":false,"renderType":"text","renderOptions":{},"selected":true,"inputProperty":false,"containsConfigurationVariables":false,"sensitive":false,"required":false,"templateProperty":null,"idKey":"3726bb82-015d-1000-0c4e-f2572b2cc5b6-092750e7-0c2a-3039-c16f-ca5b0482b909-metadata.table.targetMergeStrategy","processorNameTypeKey":"Update flow parameters-org.apache.nifi.processors.attributes.UpdateAttribute-metadata.table.targetMergeStrategy","nameKey":"NiFi Flow-Update flow parameters-metadata.table.targetMergeStrategy"},{"processGroupName":"NiFi Flow","processorName":"Update flow parameters","processorId":"092750e7-0c2a-3039-c16f-ca5b0482b909","processGroupId":"3726bb82-015d-1000-0c4e-f2572b2cc5b6","processorType":"org.apache.nifi.processors.attributes.UpdateAttribute","key":"metadata.table.targetTblProperties","value":"${metadata.table.targetTblProperties}","expressionProperties":null,"propertyDescriptor":{"name":"metadata.table.targetTblProperties","displayName":"metadata.table.targetTblProperties","description":"","defaultValue":null,"allowableValues":null,"required":false,"sensitive":false,"dynamic":true,"supportsEl":true,"identifiesControllerService":null},"templateValue":"${metadata.table.targetTblProperties}","userEditable":false,"renderType":"text","renderOptions":{},"selected":true,"inputProperty":false,"containsConfigurationVariables":false,"sensitive":false,"required":false,"templateProperty":null,"idKey":"3726bb82-015d-1000-0c4e-f2572b2cc5b6-092750e7-0c2a-3039-c16f-ca5b0482b909-metadata.table.targetTblProperties","processorNameTypeKey":"Update flow parameters-org.apache.nifi.processors.attributes.UpdateAttribute-metadata.table.targetTblProperties","nameKey":"NiFi Flow-Update flow parameters-metadata.table.targetTblProperties"},{"processGroupName":"NiFi Flow","processorName":"Update flow parameters","processorId":"092750e7-0c2a-3039-c16f-ca5b0482b909","processGroupId":"3726bb82-015d-1000-0c4e-f2572b2cc5b6","processorType":"org.apache.nifi.processors.attributes.UpdateAttribute","key":"spark.version","value":"${config.spark.version}","expressionProperties":null,"propertyDescriptor":{"name":"spark.version","displayName":"spark.version","description":"","defaultValue":null,"allowableValues":null,"required":false,"sensitive":false,"dynamic":true,"supportsEl":true,"identifiesControllerService":null},"templateValue":"${config.spark.version}","userEditable":false,"renderType":"text","renderOptions":{},"selected":true,"inputProperty":false,"containsConfigurationVariables":false,"sensitive":false,"required":false,"templateProperty":null,"idKey":"3726bb82-015d-1000-0c4e-f2572b2cc5b6-092750e7-0c2a-3039-c16f-ca5b0482b909-spark.version","processorNameTypeKey":"Update flow parameters-org.apache.nifi.processors.attributes.UpdateAttribute-spark.version","nameKey":"NiFi Flow-Update flow parameters-spark.version"}],"nonInputProcessors":[{"properties":[{"processGroupName":"NiFi Flow","processorName":"Update flow parameters","processorId":"092750e7-0c2a-3039-c16f-ca5b0482b909","processGroupId":"3726bb82-015d-1000-0c4e-f2572b2cc5b6","processorType":"org.apache.nifi.processors.attributes.UpdateAttribute","key":"category","value":"${metadata.category.systemName}","expressionProperties":null,"propertyDescriptor":{"name":"category","displayName":null,"description":null,"defaultValue":null,"allowableValues":null,"required":null,"sensitive":null,"dynamic":null,"supportsEl":null,"identifiesControllerService":null},"templateValue":"${metadata.category.systemName}","userEditable":false,"renderType":"text","renderOptions":{},"selected":true,"inputProperty":false,"containsConfigurationVariables":false,"sensitive":false,"required":false,"templateProperty":null,"idKey":"3726bb82-015d-1000-0c4e-f2572b2cc5b6-092750e7-0c2a-3039-c16f-ca5b0482b909-category","processorNameTypeKey":"Update flow parameters-org.apache.nifi.processors.attributes.UpdateAttribute-category","nameKey":"NiFi Flow-Update flow parameters-category"},{"processGroupName":"NiFi Flow","processorName":"Update flow parameters","processorId":"092750e7-0c2a-3039-c16f-ca5b0482b909","processGroupId":"3726bb82-015d-1000-0c4e-f2572b2cc5b6","processorType":"org.apache.nifi.processors.attributes.UpdateAttribute","key":"feed","value":"${metadata.systemFeedName}","expressionProperties":null,"propertyDescriptor":{"name":"feed","displayName":null,"description":null,"defaultValue":null,"allowableValues":null,"required":null,"sensitive":null,"dynamic":null,"supportsEl":null,"identifiesControllerService":null},"templateValue":"${metadata.systemFeedName}","userEditable":false,"renderType":"text","renderOptions":{},"selected":true,"inputProperty":false,"containsConfigurationVariables":false,"sensitive":false,"required":false,"templateProperty":null,"idKey":"3726bb82-015d-1000-0c4e-f2572b2cc5b6-092750e7-0c2a-3039-c16f-ca5b0482b909-feed","processorNameTypeKey":"Update flow parameters-org.apache.nifi.processors.attributes.UpdateAttribute-feed","nameKey":"NiFi Flow-Update flow parameters-feed"},{"processGroupName":"NiFi Flow","processorName":"Update flow parameters","processorId":"092750e7-0c2a-3039-c16f-ca5b0482b909","processGroupId":"3726bb82-015d-1000-0c4e-f2572b2cc5b6","processorType":"org.apache.nifi.processors.attributes.UpdateAttribute","key":"hdfs.ingest.root","value":"${config.hdfs.ingest.root}","expressionProperties":null,"propertyDescriptor":{"name":"hdfs.ingest.root","displayName":null,"description":null,"defaultValue":null,"allowableValues":null,"required":null,"sensitive":null,"dynamic":null,"supportsEl":null,"identifiesControllerService":null},"templateValue":"${config.hdfs.ingest.root}","userEditable":false,"renderType":"text","renderOptions":{},"selected":true,"inputProperty":false,"containsConfigurationVariables":false,"sensitive":false,"required":false,"templateProperty":null,"idKey":"3726bb82-015d-1000-0c4e-f2572b2cc5b6-092750e7-0c2a-3039-c16f-ca5b0482b909-hdfs.ingest.root","processorNameTypeKey":"Update flow parameters-org.apache.nifi.processors.attributes.UpdateAttribute-hdfs.ingest.root","nameKey":"NiFi Flow-Update flow parameters-hdfs.ingest.root"},{"processGroupName":"NiFi Flow","processorName":"Update flow parameters","processorId":"092750e7-0c2a-3039-c16f-ca5b0482b909","processGroupId":"3726bb82-015d-1000-0c4e-f2572b2cc5b6","processorType":"org.apache.nifi.processors.attributes.UpdateAttribute","key":"hive.ingest.root","value":"${config.hive.ingest.root}","expressionProperties":null,"propertyDescriptor":{"name":"hive.ingest.root","displayName":null,"description":null,"defaultValue":null,"allowableValues":null,"required":null,"sensitive":null,"dynamic":null,"supportsEl":null,"identifiesControllerService":null},"templateValue":"${config.hive.ingest.root}","userEditable":false,"renderType":"text","renderOptions":{},"selected":true,"inputProperty":false,"containsConfigurationVariables":false,"sensitive":false,"required":false,"templateProperty":null,"idKey":"3726bb82-015d-1000-0c4e-f2572b2cc5b6-092750e7-0c2a-3039-c16f-ca5b0482b909-hive.ingest.root","processorNameTypeKey":"Update flow parameters-org.apache.nifi.processors.attributes.UpdateAttribute-hive.ingest.root","nameKey":"NiFi Flow-Update flow parameters-hive.ingest.root"},{"processGroupName":"NiFi Flow","processorName":"Update flow parameters","processorId":"092750e7-0c2a-3039-c16f-ca5b0482b909","processGroupId":"3726bb82-015d-1000-0c4e-f2572b2cc5b6","processorType":"org.apache.nifi.processors.attributes.UpdateAttribute","key":"hive.master.root","value":"${config.hive.master.root}","expressionProperties":null,"propertyDescriptor":{"name":"hive.master.root","displayName":null,"description":null,"defaultValue":null,"allowableValues":null,"required":null,"sensitive":null,"dynamic":null,"supportsEl":null,"identifiesControllerService":null},"templateValue":"${config.hive.master.root}","userEditable":false,"renderType":"text","renderOptions":{},"selected":true,"inputProperty":false,"containsConfigurationVariables":false,"sensitive":false,"required":false,"templateProperty":null,"idKey":"3726bb82-015d-1000-0c4e-f2572b2cc5b6-092750e7-0c2a-3039-c16f-ca5b0482b909-hive.master.root","processorNameTypeKey":"Update flow parameters-org.apache.nifi.processors.attributes.UpdateAttribute-hive.master.root","nameKey":"NiFi Flow-Update flow parameters-hive.master.root"},{"processGroupName":"NiFi Flow","processorName":"Update flow parameters","processorId":"092750e7-0c2a-3039-c16f-ca5b0482b909","processGroupId":"3726bb82-015d-1000-0c4e-f2572b2cc5b6","processorType":"org.apache.nifi.processors.attributes.UpdateAttribute","key":"metadata.dataTransformation.dataTransformScript","value":"${metadata.dataTransformation.dataTransformScript}","expressionProperties":null,"propertyDescriptor":{"name":"metadata.dataTransformation.dataTransformScript","displayName":"metadata.dataTransformation.dataTransformScript","description":"","defaultValue":null,"allowableValues":null,"required":false,"sensitive":false,"dynamic":true,"supportsEl":true,"identifiesControllerService":null},"templateValue":"${metadata.dataTransformation.dataTransformScript}","userEditable":false,"renderType":"text","renderOptions":{},"selected":true,"inputProperty":false,"containsConfigurationVariables":false,"sensitive":false,"required":false,"templateProperty":null,"idKey":"3726bb82-015d-1000-0c4e-f2572b2cc5b6-092750e7-0c2a-3039-c16f-ca5b0482b909-metadata.dataTransformation.dataTransformScript","processorNameTypeKey":"Update flow parameters-org.apache.nifi.processors.attributes.UpdateAttribute-metadata.dataTransformation.dataTransformScript","nameKey":"NiFi Flow-Update flow parameters-metadata.dataTransformation.dataTransformScript"},{"processGroupName":"NiFi Flow","processorName":"Update flow parameters","processorId":"092750e7-0c2a-3039-c16f-ca5b0482b909","processGroupId":"3726bb82-015d-1000-0c4e-f2572b2cc5b6","processorType":"org.apache.nifi.processors.attributes.UpdateAttribute","key":"metadata.dataTransformation.datasourceIds","value":"${metadata.dataTransformation.datasourceIds}","expressionProperties":null,"propertyDescriptor":{"name":"metadata.dataTransformation.datasourceIds","displayName":"metadata.dataTransformation.datasourceIds","description":"","defaultValue":null,"allowableValues":null,"required":false,"sensitive":false,"dynamic":true,"supportsEl":true,"identifiesControllerService":null},"templateValue":"${metadata.dataTransformation.datasourceIds}","userEditable":false,"renderType":"text","renderOptions":{},"selected":true,"inputProperty":false,"containsConfigurationVariables":false,"sensitive":false,"required":false,"templateProperty":null,"idKey":"3726bb82-015d-1000-0c4e-f2572b2cc5b6-092750e7-0c2a-3039-c16f-ca5b0482b909-metadata.dataTransformation.datasourceIds","processorNameTypeKey":"Update flow parameters-org.apache.nifi.processors.attributes.UpdateAttribute-metadata.dataTransformation.datasourceIds","nameKey":"NiFi Flow-Update flow parameters-metadata.dataTransformation.datasourceIds"},{"processGroupName":"NiFi Flow","processorName":"Update flow parameters","processorId":"092750e7-0c2a-3039-c16f-ca5b0482b909","processGroupId":"3726bb82-015d-1000-0c4e-f2572b2cc5b6","processorType":"org.apache.nifi.processors.attributes.UpdateAttribute","key":"metadata.table.feedFieldStructure","value":"${metadata.table.feedFieldStructure}","expressionProperties":null,"propertyDescriptor":{"name":"metadata.table.feedFieldStructure","displayName":"metadata.table.feedFieldStructure","description":"","defaultValue":null,"allowableValues":null,"required":false,"sensitive":false,"dynamic":true,"supportsEl":true,"identifiesControllerService":null},"templateValue":"${metadata.table.feedFieldStructure}","userEditable":false,"renderType":"text","renderOptions":{},"selected":true,"inputProperty":false,"containsConfigurationVariables":false,"sensitive":false,"required":false,"templateProperty":null,"idKey":"3726bb82-015d-1000-0c4e-f2572b2cc5b6-092750e7-0c2a-3039-c16f-ca5b0482b909-metadata.table.feedFieldStructure","processorNameTypeKey":"Update flow parameters-org.apache.nifi.processors.attributes.UpdateAttribute-metadata.table.feedFieldStructure","nameKey":"NiFi Flow-Update flow parameters-metadata.table.feedFieldStructure"},{"processGroupName":"NiFi Flow","processorName":"Update flow parameters","processorId":"092750e7-0c2a-3039-c16f-ca5b0482b909","processGroupId":"3726bb82-015d-1000-0c4e-f2572b2cc5b6","processorType":"org.apache.nifi.processors.attributes.UpdateAttribute","key":"metadata.table.fieldIndexString","value":"${metadata.table.fieldIndexString}","expressionProperties":null,"propertyDescriptor":{"name":"metadata.table.fieldIndexString","displayName":"metadata.table.fieldIndexString","description":"","defaultValue":null,"allowableValues":null,"required":false,"sensitive":false,"dynamic":true,"supportsEl":true,"identifiesControllerService":null},"templateValue":"${metadata.table.fieldIndexString}","userEditable":false,"renderType":"text","renderOptions":{},"selected":true,"inputProperty":false,"containsConfigurationVariables":false,"sensitive":false,"required":false,"templateProperty":null,"idKey":"3726bb82-015d-1000-0c4e-f2572b2cc5b6-092750e7-0c2a-3039-c16f-ca5b0482b909-metadata.table.fieldIndexString","processorNameTypeKey":"Update flow parameters-org.apache.nifi.processors.attributes.UpdateAttribute-metadata.table.fieldIndexString","nameKey":"NiFi Flow-Update flow parameters-metadata.table.fieldIndexString"},{"processGroupName":"NiFi Flow","processorName":"Update flow parameters","processorId":"092750e7-0c2a-3039-c16f-ca5b0482b909","processGroupId":"3726bb82-015d-1000-0c4e-f2572b2cc5b6","processorType":"org.apache.nifi.processors.attributes.UpdateAttribute","key":"metadata.table.fieldPoliciesJson","value":"${metadata.table.fieldPoliciesJson}","expressionProperties":null,"propertyDescriptor":{"name":"metadata.table.fieldPoliciesJson","displayName":"metadata.table.fieldPoliciesJson","description":"","defaultValue":null,"allowableValues":null,"required":false,"sensitive":false,"dynamic":true,"supportsEl":true,"identifiesControllerService":null},"templateValue":"${metadata.table.fieldPoliciesJson}","userEditable":false,"renderType":"text","renderOptions":{},"selected":true,"inputProperty":false,"containsConfigurationVariables":false,"sensitive":false,"required":false,"templateProperty":null,"idKey":"3726bb82-015d-1000-0c4e-f2572b2cc5b6-092750e7-0c2a-3039-c16f-ca5b0482b909-metadata.table.fieldPoliciesJson","processorNameTypeKey":"Update flow parameters-org.apache.nifi.processors.attributes.UpdateAttribute-metadata.table.fieldPoliciesJson","nameKey":"NiFi Flow-Update flow parameters-metadata.table.fieldPoliciesJson"},{"processGroupName":"NiFi Flow","processorName":"Update flow parameters","processorId":"092750e7-0c2a-3039-c16f-ca5b0482b909","processGroupId":"3726bb82-015d-1000-0c4e-f2572b2cc5b6","processorType":"org.apache.nifi.processors.attributes.UpdateAttribute","key":"metadata.table.fieldStructure","value":"${metadata.table.fieldStructure}","expressionProperties":null,"propertyDescriptor":{"name":"metadata.table.fieldStructure","displayName":null,"description":null,"defaultValue":null,"allowableValues":null,"required":null,"sensitive":null,"dynamic":null,"supportsEl":null,"identifiesControllerService":null},"templateValue":"${metadata.table.fieldStructure}","userEditable":false,"renderType":"text","renderOptions":{},"selected":true,"inputProperty":false,"containsConfigurationVariables":false,"sensitive":false,"required":false,"templateProperty":null,"idKey":"3726bb82-015d-1000-0c4e-f2572b2cc5b6-092750e7-0c2a-3039-c16f-ca5b0482b909-metadata.table.fieldStructure","processorNameTypeKey":"Update flow parameters-org.apache.nifi.processors.attributes.UpdateAttribute-metadata.table.fieldStructure","nameKey":"NiFi Flow-Update flow parameters-metadata.table.fieldStructure"},{"processGroupName":"NiFi Flow","processorName":"Update flow parameters","processorId":"092750e7-0c2a-3039-c16f-ca5b0482b909","processGroupId":"3726bb82-015d-1000-0c4e-f2572b2cc5b6","processorType":"org.apache.nifi.processors.attributes.UpdateAttribute","key":"metadata.table.partitionSpecs","value":"${metadata.table.partitionSpecs}","expressionProperties":null,"propertyDescriptor":{"name":"metadata.table.partitionSpecs","displayName":"metadata.table.partitionSpecs","description":"","defaultValue":null,"allowableValues":null,"required":false,"sensitive":false,"dynamic":true,"supportsEl":true,"identifiesControllerService":null},"templateValue":"${metadata.table.partitionSpecs}","userEditable":false,"renderType":"text","renderOptions":{},"selected":true,"inputProperty":false,"containsConfigurationVariables":false,"sensitive":false,"required":false,"templateProperty":null,"idKey":"3726bb82-015d-1000-0c4e-f2572b2cc5b6-092750e7-0c2a-3039-c16f-ca5b0482b909-metadata.table.partitionSpecs","processorNameTypeKey":"Update flow parameters-org.apache.nifi.processors.attributes.UpdateAttribute-metadata.table.partitionSpecs","nameKey":"NiFi Flow-Update flow parameters-metadata.table.partitionSpecs"},{"processGroupName":"NiFi Flow","processorName":"Update flow parameters","processorId":"092750e7-0c2a-3039-c16f-ca5b0482b909","processGroupId":"3726bb82-015d-1000-0c4e-f2572b2cc5b6","processorType":"org.apache.nifi.processors.attributes.UpdateAttribute","key":"metadata.table.partitionStructure","value":"${metadata.table.partitionStructure}","expressionProperties":null,"propertyDescriptor":{"name":"metadata.table.partitionStructure","displayName":null,"description":null,"defaultValue":null,"allowableValues":null,"required":null,"sensitive":null,"dynamic":null,"supportsEl":null,"identifiesControllerService":null},"templateValue":"${metadata.table.partitionStructure}","userEditable":false,"renderType":"text","renderOptions":{},"selected":true,"inputProperty":false,"containsConfigurationVariables":false,"sensitive":false,"required":false,"templateProperty":null,"idKey":"3726bb82-015d-1000-0c4e-f2572b2cc5b6-092750e7-0c2a-3039-c16f-ca5b0482b909-metadata.table.partitionStructure","processorNameTypeKey":"Update flow parameters-org.apache.nifi.processors.attributes.UpdateAttribute-metadata.table.partitionStructure","nameKey":"NiFi Flow-Update flow parameters-metadata.table.partitionStructure"},{"processGroupName":"NiFi Flow","processorName":"Update flow parameters","processorId":"092750e7-0c2a-3039-c16f-ca5b0482b909","processGroupId":"3726bb82-015d-1000-0c4e-f2572b2cc5b6","processorType":"org.apache.nifi.processors.attributes.UpdateAttribute","key":"metadata.table.targetFormat","value":"${metadata.table.targetFormat}","expressionProperties":null,"propertyDescriptor":{"name":"metadata.table.targetFormat","displayName":null,"description":null,"defaultValue":null,"allowableValues":null,"required":null,"sensitive":null,"dynamic":null,"supportsEl":null,"identifiesControllerService":null},"templateValue":"${metadata.table.targetFormat}","userEditable":false,"renderType":"text","renderOptions":{},"selected":true,"inputProperty":false,"containsConfigurationVariables":false,"sensitive":false,"required":false,"templateProperty":null,"idKey":"3726bb82-015d-1000-0c4e-f2572b2cc5b6-092750e7-0c2a-3039-c16f-ca5b0482b909-metadata.table.targetFormat","processorNameTypeKey":"Update flow parameters-org.apache.nifi.processors.attributes.UpdateAttribute-metadata.table.targetFormat","nameKey":"NiFi Flow-Update flow parameters-metadata.table.targetFormat"},{"processGroupName":"NiFi Flow","processorName":"Update flow parameters","processorId":"092750e7-0c2a-3039-c16f-ca5b0482b909","processGroupId":"3726bb82-015d-1000-0c4e-f2572b2cc5b6","processorType":"org.apache.nifi.processors.attributes.UpdateAttribute","key":"metadata.table.targetMergeStrategy","value":"${metadata.table.targetMergeStrategy}","expressionProperties":null,"propertyDescriptor":{"name":"metadata.table.targetMergeStrategy","displayName":"metadata.table.targetMergeStrategy","description":"","defaultValue":null,"allowableValues":null,"required":false,"sensitive":false,"dynamic":true,"supportsEl":true,"identifiesControllerService":null},"templateValue":"${metadata.table.targetMergeStrategy}","userEditable":false,"renderType":"text","renderOptions":{},"selected":true,"inputProperty":false,"containsConfigurationVariables":false,"sensitive":false,"required":false,"templateProperty":null,"idKey":"3726bb82-015d-1000-0c4e-f2572b2cc5b6-092750e7-0c2a-3039-c16f-ca5b0482b909-metadata.table.targetMergeStrategy","processorNameTypeKey":"Update flow parameters-org.apache.nifi.processors.attributes.UpdateAttribute-metadata.table.targetMergeStrategy","nameKey":"NiFi Flow-Update flow parameters-metadata.table.targetMergeStrategy"},{"processGroupName":"NiFi Flow","processorName":"Update flow parameters","processorId":"092750e7-0c2a-3039-c16f-ca5b0482b909","processGroupId":"3726bb82-015d-1000-0c4e-f2572b2cc5b6","processorType":"org.apache.nifi.processors.attributes.UpdateAttribute","key":"metadata.table.targetTblProperties","value":"${metadata.table.targetTblProperties}","expressionProperties":null,"propertyDescriptor":{"name":"metadata.table.targetTblProperties","displayName":"metadata.table.targetTblProperties","description":"","defaultValue":null,"allowableValues":null,"required":false,"sensitive":false,"dynamic":true,"supportsEl":true,"identifiesControllerService":null},"templateValue":"${metadata.table.targetTblProperties}","userEditable":false,"renderType":"text","renderOptions":{},"selected":true,"inputProperty":false,"containsConfigurationVariables":false,"sensitive":false,"required":false,"templateProperty":null,"idKey":"3726bb82-015d-1000-0c4e-f2572b2cc5b6-092750e7-0c2a-3039-c16f-ca5b0482b909-metadata.table.targetTblProperties","processorNameTypeKey":"Update flow parameters-org.apache.nifi.processors.attributes.UpdateAttribute-metadata.table.targetTblProperties","nameKey":"NiFi Flow-Update flow parameters-metadata.table.targetTblProperties"},{"processGroupName":"NiFi Flow","processorName":"Update flow parameters","processorId":"092750e7-0c2a-3039-c16f-ca5b0482b909","processGroupId":"3726bb82-015d-1000-0c4e-f2572b2cc5b6","processorType":"org.apache.nifi.processors.attributes.UpdateAttribute","key":"spark.version","value":"${config.spark.version}","expressionProperties":null,"propertyDescriptor":{"name":"spark.version","displayName":"spark.version","description":"","defaultValue":null,"allowableValues":null,"required":false,"sensitive":false,"dynamic":true,"supportsEl":true,"identifiesControllerService":null},"templateValue":"${config.spark.version}","userEditable":false,"renderType":"text","renderOptions":{},"selected":true,"inputProperty":false,"containsConfigurationVariables":false,"sensitive":false,"required":false,"templateProperty":null,"idKey":"3726bb82-015d-1000-0c4e-f2572b2cc5b6-092750e7-0c2a-3039-c16f-ca5b0482b909-spark.version","processorNameTypeKey":"Update flow parameters-org.apache.nifi.processors.attributes.UpdateAttribute-spark.version","nameKey":"NiFi Flow-Update flow parameters-spark.version"}],"type":"org.apache.nifi.processors.attributes.UpdateAttribute","name":"Update flow parameters","id":"092750e7-0c2a-3039-c16f-ca5b0482b909","groupName":"NiFi Flow","groupId":"3726bb82-015d-1000-0c4e-f2572b2cc5b6","inputProcessor":false,"userDefinedInputProcessor":false}],"inputProcessors":[{"properties":[],"type":"org.apache.nifi.processors.standard.GenerateFlowFile","name":"Run Feed","id":"7de2aee1-f924-3862-0000-000000000000","groupName":null,"groupId":"8afd1ea8-d8a4-3186-0000-000000000000","inputProcessor":true,"userDefinedInputProcessor":false}],"id":"f2d858ba-2b3f-40b3-8692-b7fa829a08c0","nifiTemplateId":"b2941ff1-71ce-415b-ba35-c209d8685299","templateName":"Data Transformation","updateDate":1523157424616,"createDate":1520786392387,"icon":"all_inclusive","iconColor":"#AB47BC","description":"Data Transformation","state":"ENABLED","defineTable":false,"reusableTemplate":false,"reusableTemplateConnections":[{"feedOutputPortName":"to-wrangler-cleanup-port","reusableTemplateInputPortName":"wrangler-cleanup-port","inputPortDisplayName":"wrangler-cleanup-port","reusableTemplateProcessGroupName":null},{"feedOutputPortName":"to-wrangler-port","reusableTemplateInputPortName":"wrangler-input-port","inputPortDisplayName":"wrangler-input-port","reusableTemplateProcessGroupName":null}],"registeredDatasourceDefinitions":[{"processorType":"com.thinkbiganalytics.nifi.v2.ingest.MergeTable","processorName":"Merge Table","processorId":"79024b72-a1f8-1d9c-8515-5560fcfcb71f","datasourceDefinition":{"processorType":"com.thinkbiganalytics.nifi.v2.ingest.MergeTable","connectionType":"DESTINATION","datasourcePropertyKeys":["Target schema","Target table"],"datasourceType":"HiveDatasource","identityString":"${Target schema}.${Target table}","description":null,"title":"${Target schema}.${Target table}"}}],"order":3,"templateOrder":null,"feedsCount":0,"templateTableOption":"DATA_TRANSFORMATION","timeBetweenStartingBatchJobs":1000,"stream":false,"allowPreconditions":false,"dataTransformation":true,"isStream":false}