<?xml version="1.0" ?>
<template encoding-version="1.1">
  <description>Convert IBM EBCDIC data sets to ASCII files</description>
  <groupId>53ea92d9-015e-1000-ddd4-3313aff37f8d</groupId>
  <name>Convert IBM Data</name>
  <snippet>
    <connections>
      <id>a112e1d6-f317-37d1-0000-000000000000</id>
      <parentGroupId>e905313e-eb7e-39df-0000-000000000000</parentGroupId>
      <backPressureDataSizeThreshold>1 GB</backPressureDataSizeThreshold>
      <backPressureObjectThreshold>10000</backPressureObjectThreshold>
      <destination>
        <groupId>e905313e-eb7e-39df-0000-000000000000</groupId>
        <id>4a515f62-40ee-37bc-0000-000000000000</id>
        <type>PROCESSOR</type>
      </destination>
      <flowFileExpiration>0 sec</flowFileExpiration>
      <labelIndex>1</labelIndex>
      <name>Converted ASCII File</name>
      <selectedRelationships>success</selectedRelationships>
      <source>
        <groupId>e905313e-eb7e-39df-0000-000000000000</groupId>
        <id>96a0d903-fee2-3fef-0000-000000000000</id>
        <type>PROCESSOR</type>
      </source>
      <zIndex>0</zIndex>
    </connections>
    <connections>
      <id>0d57ccc5-5da9-3823-0000-000000000000</id>
      <parentGroupId>e905313e-eb7e-39df-0000-000000000000</parentGroupId>
      <backPressureDataSizeThreshold>1 GB</backPressureDataSizeThreshold>
      <backPressureObjectThreshold>10000</backPressureObjectThreshold>
      <destination>
        <groupId>e905313e-eb7e-39df-0000-000000000000</groupId>
        <id>4437973e-3b5a-3324-0000-000000000000</id>
        <type>PROCESSOR</type>
      </destination>
      <flowFileExpiration>0 sec</flowFileExpiration>
      <labelIndex>1</labelIndex>
      <name></name>
      <selectedRelationships>success</selectedRelationships>
      <source>
        <groupId>e905313e-eb7e-39df-0000-000000000000</groupId>
        <id>4a515f62-40ee-37bc-0000-000000000000</id>
        <type>PROCESSOR</type>
      </source>
      <zIndex>0</zIndex>
    </connections>
    <processors>
      <id>96a0d903-fee2-3fef-0000-000000000000</id>
      <parentGroupId>e905313e-eb7e-39df-0000-000000000000</parentGroupId>
      <position>
        <x>0.0</x>
        <y>0.0</y>
      </position>
      <bundle>
        <artifact>nifi-standard-nar</artifact>
        <group>org.apache.nifi</group>
        <version>1.3.0</version>
      </bundle>
      <config>
        <bulletinLevel>WARN</bulletinLevel>
        <comments></comments>
        <concurrentlySchedulableTaskCount>1</concurrentlySchedulableTaskCount>
        <descriptors>
          <entry>
            <key>Command</key>
            <value>
              <name>Command</name>
            </value>
          </entry>
          <entry>
            <key>Redirect Error Stream</key>
            <value>
              <name>Redirect Error Stream</name>
            </value>
          </entry>
          <entry>
            <key>Argument Delimiter</key>
            <value>
              <name>Argument Delimiter</name>
            </value>
          </entry>
          <entry>
            <key>Batch Duration</key>
            <value>
              <name>Batch Duration</name>
            </value>
          </entry>
          <entry>
            <key>Command Arguments</key>
            <value>
              <name>Command Arguments</name>
            </value>
          </entry>
        </descriptors>
        <executionNode>ALL</executionNode>
        <lossTolerant>false</lossTolerant>
        <penaltyDuration>30 sec</penaltyDuration>
        <properties>
          <entry>
            <key>Command</key>
            <value>/home/nifi/conv-ebcdic-to-ascii.sh</value>
          </entry>
          <entry>
            <key>Redirect Error Stream</key>
            <value>false</value>
          </entry>
          <entry>
            <key>Argument Delimiter</key>
            <value> </value>
          </entry>
          <entry>
            <key>Batch Duration</key>
          </entry>
          <entry>
            <key>Command Arguments</key>
          </entry>
        </properties>
        <runDurationMillis>0</runDurationMillis>
        <schedulingPeriod>1 min</schedulingPeriod>
        <schedulingStrategy>TIMER_DRIVEN</schedulingStrategy>
        <yieldDuration>1 sec</yieldDuration>
      </config>
      <name>ExecuteProcess</name>
      <relationships>
        <autoTerminate>false</autoTerminate>
        <name>success</name>
      </relationships>
      <style></style>
      <type>org.apache.nifi.processors.standard.ExecuteProcess</type>
    </processors>
    <processors>
      <id>4437973e-3b5a-3324-0000-000000000000</id>
      <parentGroupId>e905313e-eb7e-39df-0000-000000000000</parentGroupId>
      <position>
        <x>727.0</x>
        <y>2.0</y>
      </position>
      <bundle>
        <artifact>nifi-standard-nar</artifact>
        <group>org.apache.nifi</group>
        <version>1.3.0</version>
      </bundle>
      <config>
        <bulletinLevel>WARN</bulletinLevel>
        <comments></comments>
        <concurrentlySchedulableTaskCount>1</concurrentlySchedulableTaskCount>
        <descriptors>
          <entry>
            <key>Group</key>
            <value>
              <name>Group</name>
            </value>
          </entry>
          <entry>
            <key>Owner</key>
            <value>
              <name>Owner</name>
            </value>
          </entry>
          <entry>
            <key>Create Missing Directories</key>
            <value>
              <name>Create Missing Directories</name>
            </value>
          </entry>
          <entry>
            <key>Permissions</key>
            <value>
              <name>Permissions</name>
            </value>
          </entry>
          <entry>
            <key>Maximum File Count</key>
            <value>
              <name>Maximum File Count</name>
            </value>
          </entry>
          <entry>
            <key>Last Modified Time</key>
            <value>
              <name>Last Modified Time</name>
            </value>
          </entry>
          <entry>
            <key>Directory</key>
            <value>
              <name>Directory</name>
            </value>
          </entry>
          <entry>
            <key>Conflict Resolution Strategy</key>
            <value>
              <name>Conflict Resolution Strategy</name>
            </value>
          </entry>
        </descriptors>
        <executionNode>ALL</executionNode>
        <lossTolerant>false</lossTolerant>
        <penaltyDuration>30 sec</penaltyDuration>
        <properties>
          <entry>
            <key>Group</key>
            <value>nifi</value>
          </entry>
          <entry>
            <key>Owner</key>
            <value>nifi</value>
          </entry>
          <entry>
            <key>Create Missing Directories</key>
            <value>false</value>
          </entry>
          <entry>
            <key>Permissions</key>
            <value>644</value>
          </entry>
          <entry>
            <key>Maximum File Count</key>
          </entry>
          <entry>
            <key>Last Modified Time</key>
          </entry>
          <entry>
            <key>Directory</key>
            <value>/var/dropzone</value>
          </entry>
          <entry>
            <key>Conflict Resolution Strategy</key>
            <value>fail</value>
          </entry>
        </properties>
        <runDurationMillis>0</runDurationMillis>
        <schedulingPeriod>0 sec</schedulingPeriod>
        <schedulingStrategy>TIMER_DRIVEN</schedulingStrategy>
        <yieldDuration>1 sec</yieldDuration>
      </config>
      <name>PutFile</name>
      <relationships>
        <autoTerminate>true</autoTerminate>
        <name>failure</name>
      </relationships>
      <relationships>
        <autoTerminate>true</autoTerminate>
        <name>success</name>
      </relationships>
      <style></style>
      <type>org.apache.nifi.processors.standard.PutFile</type>
    </processors>
    <processors>
      <id>4a515f62-40ee-37bc-0000-000000000000</id>
      <parentGroupId>e905313e-eb7e-39df-0000-000000000000</parentGroupId>
      <position>
        <x>180.5</x>
        <y>253.0</y>
      </position>
      <bundle>
        <artifact>nifi-update-attribute-nar</artifact>
        <group>org.apache.nifi</group>
        <version>1.3.0</version>
      </bundle>
      <config>
        <bulletinLevel>WARN</bulletinLevel>
        <comments></comments>
        <concurrentlySchedulableTaskCount>1</concurrentlySchedulableTaskCount>
        <descriptors>
          <entry>
            <key>Delete Attributes Expression</key>
            <value>
              <name>Delete Attributes Expression</name>
            </value>
          </entry>
          <entry>
            <key>filename</key>
            <value>
              <name>filename</name>
            </value>
          </entry>
          <entry>
            <key>Store State</key>
            <value>
              <name>Store State</name>
            </value>
          </entry>
          <entry>
            <key>Stateful Variables Initial Value</key>
            <value>
              <name>Stateful Variables Initial Value</name>
            </value>
          </entry>
        </descriptors>
        <executionNode>ALL</executionNode>
        <lossTolerant>false</lossTolerant>
        <penaltyDuration>30 sec</penaltyDuration>
        <properties>
          <entry>
            <key>Delete Attributes Expression</key>
          </entry>
          <entry>
            <key>filename</key>
            <value>zip-data-${filename}.csv</value>
          </entry>
          <entry>
            <key>Store State</key>
            <value>Do not store state</value>
          </entry>
          <entry>
            <key>Stateful Variables Initial Value</key>
          </entry>
        </properties>
        <runDurationMillis>0</runDurationMillis>
        <schedulingPeriod>0 sec</schedulingPeriod>
        <schedulingStrategy>TIMER_DRIVEN</schedulingStrategy>
        <yieldDuration>1 sec</yieldDuration>
      </config>
      <name>UpdateAttribute</name>
      <relationships>
        <autoTerminate>false</autoTerminate>
        <name>success</name>
      </relationships>
      <style></style>
      <type>org.apache.nifi.processors.attributes.UpdateAttribute</type>
    </processors>
  </snippet>
  <timestamp>04/02/2018 01:14:45 UTC</timestamp>
</template>