{"owner":{"displayName":"Data Lake Administrator","email":null,"enabled":true,"groups":["admin","user"],"systemName":"dladmin"},"allowedActions":{"actions":[{"systemName":"accessTemplate","actions":[{"systemName":"editTemplate"},{"systemName":"deleteTemplate"},{"systemName":"exportTemplate"},{"systemName":"createFeedFromTemplate"},{"systemName":"changeTemplatePermissions"}]}]},"roleMemberships":[],"feedRoleMemberships":[],"properties":[{"processGroupName":"NiFi Flow","processorName":"ExecuteProcess","processorId":"96a0d903-fee2-3fef-c8c2-26ce58d44900","processGroupId":"ff486f65-015f-1000-5b8b-ee788b1201cb","processorType":"org.apache.nifi.processors.standard.ExecuteProcess","key":"Command","value":"/home/nifi/conv-ebcdic-to-ascii.sh","expressionProperties":null,"propertyDescriptor":{"name":"Command","displayName":"Command","description":"Specifies the command to be executed; if just the name of an executable is provided, it must be in the user's environment PATH.","defaultValue":null,"allowableValues":null,"required":true,"sensitive":false,"dynamic":false,"supportsEl":false,"identifiesControllerService":null},"templateValue":"/home/nifi/conv-ebcdic-to-ascii.sh","userEditable":true,"renderType":"text","renderOptions":{},"selected":true,"inputProperty":true,"containsConfigurationVariables":false,"sensitive":false,"required":true,"templateProperty":null,"idKey":"ff486f65-015f-1000-5b8b-ee788b1201cb-96a0d903-fee2-3fef-c8c2-26ce58d44900-Command","processorNameTypeKey":"ExecuteProcess-org.apache.nifi.processors.standard.ExecuteProcess-Command","nameKey":"NiFi Flow-ExecuteProcess-Command"},{"processGroupName":"NiFi Flow","processorName":"PutFile","processorId":"4437973e-3b5a-3324-42fe-ddc296b9641f","processGroupId":"ff486f65-015f-1000-5b8b-ee788b1201cb","processorType":"org.apache.nifi.processors.standard.PutFile","key":"Directory","value":"/var/dropzone","expressionProperties":null,"propertyDescriptor":{"name":"Directory","displayName":"Directory","description":"The directory to which files should be written. You may use expression language such as /aa/bb/${path}","defaultValue":null,"allowableValues":null,"required":true,"sensitive":false,"dynamic":false,"supportsEl":true,"identifiesControllerService":null},"templateValue":"/var/dropzone","userEditable":true,"renderType":"text","renderOptions":{},"selected":true,"inputProperty":false,"containsConfigurationVariables":false,"sensitive":false,"required":true,"templateProperty":null,"idKey":"ff486f65-015f-1000-5b8b-ee788b1201cb-4437973e-3b5a-3324-42fe-ddc296b9641f-Directory","processorNameTypeKey":"PutFile-org.apache.nifi.processors.standard.PutFile-Directory","nameKey":"NiFi Flow-PutFile-Directory"},{"processGroupName":"NiFi Flow","processorName":"UpdateAttribute","processorId":"4a515f62-40ee-37bc-ccb9-6410811e5d7e","processGroupId":"ff486f65-015f-1000-5b8b-ee788b1201cb","processorType":"org.apache.nifi.processors.attributes.UpdateAttribute","key":"filename","value":"zip-data-${filename}.csv","expressionProperties":null,"propertyDescriptor":{"name":"filename","displayName":"filename","description":"","defaultValue":null,"allowableValues":null,"required":false,"sensitive":false,"dynamic":true,"supportsEl":true,"identifiesControllerService":null},"templateValue":"zip-data-${filename}.csv","userEditable":true,"renderType":"text","renderOptions":{},"selected":true,"inputProperty":false,"containsConfigurationVariables":false,"sensitive":false,"required":false,"templateProperty":null,"idKey":"ff486f65-015f-1000-5b8b-ee788b1201cb-4a515f62-40ee-37bc-ccb9-6410811e5d7e-filename","processorNameTypeKey":"UpdateAttribute-org.apache.nifi.processors.attributes.UpdateAttribute-filename","nameKey":"NiFi Flow-UpdateAttribute-filename"}],"nonInputProcessors":[{"properties":[{"processGroupName":"NiFi Flow","processorName":"PutFile","processorId":"4437973e-3b5a-3324-42fe-ddc296b9641f","processGroupId":"ff486f65-015f-1000-5b8b-ee788b1201cb","processorType":"org.apache.nifi.processors.standard.PutFile","key":"Directory","value":"/var/dropzone","expressionProperties":null,"propertyDescriptor":{"name":"Directory","displayName":"Directory","description":"The directory to which files should be written. You may use expression language such as /aa/bb/${path}","defaultValue":null,"allowableValues":null,"required":true,"sensitive":false,"dynamic":false,"supportsEl":true,"identifiesControllerService":null},"templateValue":"/var/dropzone","userEditable":true,"renderType":"text","renderOptions":{},"selected":true,"inputProperty":false,"containsConfigurationVariables":false,"sensitive":false,"required":true,"templateProperty":null,"idKey":"ff486f65-015f-1000-5b8b-ee788b1201cb-4437973e-3b5a-3324-42fe-ddc296b9641f-Directory","processorNameTypeKey":"PutFile-org.apache.nifi.processors.standard.PutFile-Directory","nameKey":"NiFi Flow-PutFile-Directory"}],"type":"org.apache.nifi.processors.standard.PutFile","name":"PutFile","id":"4437973e-3b5a-3324-42fe-ddc296b9641f","groupName":"NiFi Flow","groupId":"ff486f65-015f-1000-5b8b-ee788b1201cb","inputProcessor":false,"userDefinedInputProcessor":false},{"properties":[{"processGroupName":"NiFi Flow","processorName":"UpdateAttribute","processorId":"4a515f62-40ee-37bc-ccb9-6410811e5d7e","processGroupId":"ff486f65-015f-1000-5b8b-ee788b1201cb","processorType":"org.apache.nifi.processors.attributes.UpdateAttribute","key":"filename","value":"zip-data-${filename}.csv","expressionProperties":null,"propertyDescriptor":{"name":"filename","displayName":"filename","description":"","defaultValue":null,"allowableValues":null,"required":false,"sensitive":false,"dynamic":true,"supportsEl":true,"identifiesControllerService":null},"templateValue":"zip-data-${filename}.csv","userEditable":true,"renderType":"text","renderOptions":{},"selected":true,"inputProperty":false,"containsConfigurationVariables":false,"sensitive":false,"required":false,"templateProperty":null,"idKey":"ff486f65-015f-1000-5b8b-ee788b1201cb-4a515f62-40ee-37bc-ccb9-6410811e5d7e-filename","processorNameTypeKey":"UpdateAttribute-org.apache.nifi.processors.attributes.UpdateAttribute-filename","nameKey":"NiFi Flow-UpdateAttribute-filename"}],"type":"org.apache.nifi.processors.attributes.UpdateAttribute","name":"UpdateAttribute","id":"4a515f62-40ee-37bc-ccb9-6410811e5d7e","groupName":"NiFi Flow","groupId":"ff486f65-015f-1000-5b8b-ee788b1201cb","inputProcessor":false,"userDefinedInputProcessor":false}],"inputProcessors":[{"properties":[{"processGroupName":"NiFi Flow","processorName":"ExecuteProcess","processorId":"96a0d903-fee2-3fef-c8c2-26ce58d44900","processGroupId":"ff486f65-015f-1000-5b8b-ee788b1201cb","processorType":"org.apache.nifi.processors.standard.ExecuteProcess","key":"Command","value":"/home/nifi/conv-ebcdic-to-ascii.sh","expressionProperties":null,"propertyDescriptor":{"name":"Command","displayName":"Command","description":"Specifies the command to be executed; if just the name of an executable is provided, it must be in the user's environment PATH.","defaultValue":null,"allowableValues":null,"required":true,"sensitive":false,"dynamic":false,"supportsEl":false,"identifiesControllerService":null},"templateValue":"/home/nifi/conv-ebcdic-to-ascii.sh","userEditable":true,"renderType":"text","renderOptions":{},"selected":true,"inputProperty":true,"containsConfigurationVariables":false,"sensitive":false,"required":true,"templateProperty":null,"idKey":"ff486f65-015f-1000-5b8b-ee788b1201cb-96a0d903-fee2-3fef-c8c2-26ce58d44900-Command","processorNameTypeKey":"ExecuteProcess-org.apache.nifi.processors.standard.ExecuteProcess-Command","nameKey":"NiFi Flow-ExecuteProcess-Command"}],"type":"org.apache.nifi.processors.standard.ExecuteProcess","name":"ExecuteProcess","id":"96a0d903-fee2-3fef-c8c2-26ce58d44900","groupName":"NiFi Flow","groupId":"ff486f65-015f-1000-5b8b-ee788b1201cb","inputProcessor":true,"userDefinedInputProcessor":false}],"id":"5d3c16e3-877f-49c9-87f3-2a1a05957748","nifiTemplateId":"7875ac24-fc00-48b0-a55a-57769b572565","templateName":"Convert IBM Data","updateDate":1522858235569,"createDate":1522858235569,"icon":"build","iconColor":"#90CAF9","description":null,"state":"ENABLED","defineTable":false,"reusableTemplate":false,"reusableTemplateConnections":[],"registeredDatasourceDefinitions":[{"processorType":"org.apache.nifi.processors.standard.PutFile","processorName":"PutFile","processorId":"4437973e-3b5a-3324-0000-000000000000","datasourceDefinition":{"processorType":"org.apache.nifi.processors.standard.PutFile","connectionType":"DESTINATION","datasourcePropertyKeys":["Directory"],"datasourceType":"DirectoryDatasource","identityString":"${Directory}","description":null,"title":"${Directory}"}}],"order":4,"templateOrder":null,"feedsCount":0,"templateTableOption":"NO_TABLE","timeBetweenStartingBatchJobs":1000,"stream":false,"allowPreconditions":false,"dataTransformation":false,"isStream":false}