{"owner":{"displayName":"Data Lake Administrator","email":null,"enabled":true,"groups":["admin","user"],"systemName":"dladmin"},"allowedActions":{"actions":[{"systemName":"accessFeed","actions":[{"systemName":"editFeedSummary"},{"systemName":"accessFeedDetails","actions":[{"systemName":"editFeedDetails"},{"systemName":"deleteFeed"},{"systemName":"enableFeed"},{"systemName":"exportFeed"}]},{"systemName":"accessFeedOperations"},{"systemName":"changeFeedPermissions"}]}]},"roleMemberships":[],"feedRoleMemberships":[],"id":"0efcd5f4-42d6-4722-bc05-01fa080adfcb","feedId":"0efcd5f4-42d6-4722-bc05-01fa080adfcb","templateId":"5247d877-be0e-4af1-aa77-8ce0c6a09737","inputProcessorType":"org.apache.nifi.processors.standard.GenerateFlowFile","templateName":"Data Transformation","properties":[],"schedule":{"processorId":null,"schedulingPeriod":"1 days","schedulingStrategy":"TIMER_DRIVEN","concurrentTasks":1,"executionNode":null,"preconditions":null},"feedName":"City state demographics","systemFeedName":"city_state_demographics","description":"Aggregate US Postal service demographics to the city and state level","tags":[{"name":"city"},{"name":"state"},{"name":"demographics"},{"name":"wages"},{"name":"tax returns"},{"name":"population"}],"dataOwner":"IT","category":{"owner":null,"allowedActions":null,"roleMemberships":[],"feedRoleMemberships":[],"id":"06ba23f0-d2ab-44d6-814f-1937a1b49472","name":"USPS","systemName":"usps","icon":"account_balance","iconColor":"#90A4AE","description":"US Postal Service data","securityGroups":null,"userFields":null,"userProperties":null,"relatedFeeds":0,"createDate":1521575903253,"updateDate":1522377279690},"table":{"fieldStructure":"city|string||0|0|0|city\ntaxreturnsfiled|int||0|0|0|taxreturnsfiled\nestimatedpopulation|int||0|0|0|estimatedpopulation\ntotalwages|int||0|0|0|totalwages\nstate|string||0|0|0|state\ncity_state|string||1|0|0|city_state","existingTableName":"","tableSchema":{"name":"city_state_demographics","description":null,"charset":null,"properties":{},"fields":[{"sampleValues":[],"name":"city","description":null,"nativeDataType":null,"derivedDataType":"string","primaryKey":false,"nullable":false,"modifiable":true,"dataTypeDescriptor":null,"updatedTracker":false,"precisionScale":null,"createdTracker":false,"tags":null,"descriptionWithoutNewLines":"","dataTypeWithPrecisionAndScale":"string"},{"sampleValues":[],"name":"taxreturnsfiled","description":null,"nativeDataType":null,"derivedDataType":"int","primaryKey":false,"nullable":false,"modifiable":true,"dataTypeDescriptor":null,"updatedTracker":false,"precisionScale":null,"createdTracker":false,"tags":null,"descriptionWithoutNewLines":"","dataTypeWithPrecisionAndScale":"int"},{"sampleValues":[],"name":"estimatedpopulation","description":null,"nativeDataType":null,"derivedDataType":"int","primaryKey":false,"nullable":false,"modifiable":true,"dataTypeDescriptor":null,"updatedTracker":false,"precisionScale":null,"createdTracker":false,"tags":null,"descriptionWithoutNewLines":"","dataTypeWithPrecisionAndScale":"int"},{"sampleValues":[],"name":"totalwages","description":null,"nativeDataType":null,"derivedDataType":"int","primaryKey":false,"nullable":false,"modifiable":true,"dataTypeDescriptor":null,"updatedTracker":false,"precisionScale":null,"createdTracker":false,"tags":null,"descriptionWithoutNewLines":"","dataTypeWithPrecisionAndScale":"int"},{"sampleValues":[],"name":"state","description":null,"nativeDataType":null,"derivedDataType":"string","primaryKey":false,"nullable":false,"modifiable":true,"dataTypeDescriptor":null,"updatedTracker":false,"precisionScale":null,"createdTracker":false,"tags":null,"descriptionWithoutNewLines":"","dataTypeWithPrecisionAndScale":"string"},{"sampleValues":[],"name":"city_state","description":null,"nativeDataType":null,"derivedDataType":"string","primaryKey":true,"nullable":false,"modifiable":true,"dataTypeDescriptor":null,"updatedTracker":false,"precisionScale":null,"createdTracker":false,"tags":[],"descriptionWithoutNewLines":"","dataTypeWithPrecisionAndScale":"string"}],"schemaName":null,"databaseName":null,"id":"5cf82cc7-eb77-483e-9175-f345fc5c7a59"},"sourceTableSchema":{"name":"NA","description":null,"charset":null,"properties":{},"fields":[{"sampleValues":[],"name":"city","description":null,"nativeDataType":null,"derivedDataType":"string","primaryKey":false,"nullable":false,"modifiable":true,"dataTypeDescriptor":null,"updatedTracker":false,"precisionScale":null,"createdTracker":false,"tags":null,"descriptionWithoutNewLines":"","dataTypeWithPrecisionAndScale":"string"},{"sampleValues":[],"name":"taxreturnsfiled","description":null,"nativeDataType":null,"derivedDataType":"int","primaryKey":false,"nullable":false,"modifiable":true,"dataTypeDescriptor":null,"updatedTracker":false,"precisionScale":null,"createdTracker":false,"tags":null,"descriptionWithoutNewLines":"","dataTypeWithPrecisionAndScale":"int"},{"sampleValues":[],"name":"estimatedpopulation","description":null,"nativeDataType":null,"derivedDataType":"int","primaryKey":false,"nullable":false,"modifiable":true,"dataTypeDescriptor":null,"updatedTracker":false,"precisionScale":null,"createdTracker":false,"tags":null,"descriptionWithoutNewLines":"","dataTypeWithPrecisionAndScale":"int"},{"sampleValues":[],"name":"totalwages","description":null,"nativeDataType":null,"derivedDataType":"int","primaryKey":false,"nullable":false,"modifiable":true,"dataTypeDescriptor":null,"updatedTracker":false,"precisionScale":null,"createdTracker":false,"tags":null,"descriptionWithoutNewLines":"","dataTypeWithPrecisionAndScale":"int"},{"sampleValues":[],"name":"state","description":null,"nativeDataType":null,"derivedDataType":"string","primaryKey":false,"nullable":false,"modifiable":true,"dataTypeDescriptor":null,"updatedTracker":false,"precisionScale":null,"createdTracker":false,"tags":null,"descriptionWithoutNewLines":"","dataTypeWithPrecisionAndScale":"string"},{"sampleValues":[],"name":"city_state","description":null,"nativeDataType":null,"derivedDataType":"string","primaryKey":true,"nullable":false,"modifiable":true,"dataTypeDescriptor":null,"updatedTracker":false,"precisionScale":null,"createdTracker":false,"tags":[],"descriptionWithoutNewLines":"","dataTypeWithPrecisionAndScale":"string"}],"schemaName":null,"databaseName":null,"id":"ec4acc51-f841-4716-9dfa-3f9f6391736c"},"feedTableSchema":{"name":null,"description":null,"charset":null,"properties":{},"fields":[{"sampleValues":[],"name":"city","description":null,"nativeDataType":null,"derivedDataType":"string","primaryKey":false,"nullable":false,"modifiable":true,"dataTypeDescriptor":null,"updatedTracker":false,"precisionScale":null,"createdTracker":false,"tags":null,"descriptionWithoutNewLines":"","dataTypeWithPrecisionAndScale":"string"},{"sampleValues":[],"name":"taxreturnsfiled","description":null,"nativeDataType":null,"derivedDataType":"int","primaryKey":false,"nullable":false,"modifiable":true,"dataTypeDescriptor":null,"updatedTracker":false,"precisionScale":null,"createdTracker":false,"tags":null,"descriptionWithoutNewLines":"","dataTypeWithPrecisionAndScale":"int"},{"sampleValues":[],"name":"estimatedpopulation","description":null,"nativeDataType":null,"derivedDataType":"int","primaryKey":false,"nullable":false,"modifiable":true,"dataTypeDescriptor":null,"updatedTracker":false,"precisionScale":null,"createdTracker":false,"tags":null,"descriptionWithoutNewLines":"","dataTypeWithPrecisionAndScale":"int"},{"sampleValues":[],"name":"totalwages","description":null,"nativeDataType":null,"derivedDataType":"int","primaryKey":false,"nullable":false,"modifiable":true,"dataTypeDescriptor":null,"updatedTracker":false,"precisionScale":null,"createdTracker":false,"tags":null,"descriptionWithoutNewLines":"","dataTypeWithPrecisionAndScale":"int"},{"sampleValues":[],"name":"state","description":null,"nativeDataType":null,"derivedDataType":"string","primaryKey":false,"nullable":false,"modifiable":true,"dataTypeDescriptor":null,"updatedTracker":false,"precisionScale":null,"createdTracker":false,"tags":null,"descriptionWithoutNewLines":"","dataTypeWithPrecisionAndScale":"string"},{"sampleValues":[],"name":"city_state","description":null,"nativeDataType":null,"derivedDataType":"string","primaryKey":true,"nullable":false,"modifiable":true,"dataTypeDescriptor":null,"updatedTracker":false,"precisionScale":null,"createdTracker":false,"tags":[],"descriptionWithoutNewLines":"","dataTypeWithPrecisionAndScale":"string"}],"schemaName":null,"databaseName":null,"id":"29a52334-9fc0-4de8-a5e3-97a3a2d59751"},"method":"EXISTING_TABLE","description":"","fieldPolicies":[{"profile":true,"index":false,"fieldName":"city","feedFieldName":"city","standardization":null,"validation":null,"domainTypeId":null,"partitionColumn":false},{"profile":true,"index":false,"fieldName":"taxreturnsfiled","feedFieldName":"taxreturnsfiled","standardization":null,"validation":null,"domainTypeId":null,"partitionColumn":false},{"profile":true,"index":false,"fieldName":"estimatedpopulation","feedFieldName":"estimatedpopulation","standardization":null,"validation":null,"domainTypeId":null,"partitionColumn":false},{"profile":true,"index":false,"fieldName":"totalwages","feedFieldName":"totalwages","standardization":null,"validation":null,"domainTypeId":null,"partitionColumn":false},{"profile":true,"index":false,"fieldName":"state","feedFieldName":"state","standardization":null,"validation":null,"domainTypeId":null,"partitionColumn":false},{"profile":true,"index":false,"fieldName":"city_state","feedFieldName":"city_state","standardization":null,"validation":null,"domainTypeId":null,"partitionColumn":false}],"partitions":[],"tableType":null,"incrementalDateField":null,"sourceTableIncrementalDateField":null,"options":{"compress":false,"auditLogging":true,"encrypt":false,"trackHistory":false,"compressionFormat":"SNAPPY"},"feedFormat":"ROW FORMAT SERDE 'org.apache.hadoop.hive.serde2.OpenCSVSerde' WITH SERDEPROPERTIES ( 'separatorChar' = ',' ,'escapeChar' = '\\\\' ,'quoteChar' = '\"') STORED AS TEXTFILE","targetFormat":"STORED AS ORC","targetTblProperties":"tblproperties(\"orc.compress\"=\"SNAPPY\")","targetMergeStrategy":"PK_MERGE","fieldPoliciesJson":"[{\"profile\":true,\"index\":false,\"fieldName\":\"city\",\"feedFieldName\":\"city\",\"standardization\":null,\"validation\":null,\"domainTypeId\":null,\"partitionColumn\":false},{\"profile\":true,\"index\":false,\"fieldName\":\"taxreturnsfiled\",\"feedFieldName\":\"taxreturnsfiled\",\"standardization\":null,\"validation\":null,\"domainTypeId\":null,\"partitionColumn\":false},{\"profile\":true,\"index\":false,\"fieldName\":\"estimatedpopulation\",\"feedFieldName\":\"estimatedpopulation\",\"standardization\":null,\"validation\":null,\"domainTypeId\":null,\"partitionColumn\":false},{\"profile\":true,\"index\":false,\"fieldName\":\"totalwages\",\"feedFieldName\":\"totalwages\",\"standardization\":null,\"validation\":null,\"domainTypeId\":null,\"partitionColumn\":false},{\"profile\":true,\"index\":false,\"fieldName\":\"state\",\"feedFieldName\":\"state\",\"standardization\":null,\"validation\":null,\"domainTypeId\":null,\"partitionColumn\":false},{\"profile\":true,\"index\":false,\"fieldName\":\"city_state\",\"feedFieldName\":\"city_state\",\"standardization\":null,\"validation\":null,\"domainTypeId\":null,\"partitionColumn\":false}]","fieldIndexString":"","partitionStructure":"","partitionSpecs":"","fieldsString":"city\ntaxreturnsfiled\nestimatedpopulation\ntotalwages\nstate\ncity_state","sourceFields":"city\ntaxreturnsfiled\nestimatedpopulation\ntotalwages\nstate\ncity_state","sourceFieldsCommaString":"city,taxreturnsfiled,estimatedpopulation,totalwages,state,city_state","feedFieldStructure":"city|string||0|0|0|city\ntaxreturnsfiled|int||0|0|0|taxreturnsfiled\nestimatedpopulation|int||0|0|0|estimatedpopulation\ntotalwages|int||0|0|0|totalwages\nstate|string||0|0|0|state\ncity_state|string||1|0|0|city_state","nullableFields":"","primaryKeyFields":"city_state","sourceTargetFieldMap":{"taxreturnsfiled":"taxreturnsfiled","city_state":"city_state","city":"city","estimatedpopulation":"estimatedpopulation","totalwages":"totalwages","state":"state"},"targetSourceFieldMap":{"taxreturnsfiled":"taxreturnsfiled","city_state":"city_state","city":"city","estimatedpopulation":"estimatedpopulation","totalwages":"totalwages","state":"state"}},"createDate":1521575986226,"updateDate":1521575986226,"dataTransformation":{"chartViewModel":{"nodes":[{"name":"usps.zip_data","id":10,"datasourceId":"HIVE","x":20,"y":20,"nodeAttributes":{"attributes":[{"sampleValues":[],"name":"zipcode","description":null,"nativeDataType":"INTEGER","derivedDataType":"int","primaryKey":false,"nullable":true,"modifiable":true,"dataTypeDescriptor":null,"updatedTracker":false,"precisionScale":null,"createdTracker":false,"tags":null,"descriptionWithoutNewLines":"","dataTypeWithPrecisionAndScale":"int","selected":false},{"sampleValues":[],"name":"zipcodetype","description":null,"nativeDataType":"VARCHAR","derivedDataType":"string","primaryKey":false,"nullable":true,"modifiable":true,"dataTypeDescriptor":null,"updatedTracker":false,"precisionScale":null,"createdTracker":false,"tags":null,"descriptionWithoutNewLines":"","dataTypeWithPrecisionAndScale":"string","selected":false},{"sampleValues":[],"name":"city","description":null,"nativeDataType":"VARCHAR","derivedDataType":"string","primaryKey":false,"nullable":true,"modifiable":true,"dataTypeDescriptor":null,"updatedTracker":false,"precisionScale":null,"createdTracker":false,"tags":null,"descriptionWithoutNewLines":"","dataTypeWithPrecisionAndScale":"string","selected":true},{"sampleValues":[],"name":"locationtype","description":null,"nativeDataType":"VARCHAR","derivedDataType":"string","primaryKey":false,"nullable":true,"modifiable":true,"dataTypeDescriptor":null,"updatedTracker":false,"precisionScale":null,"createdTracker":false,"tags":null,"descriptionWithoutNewLines":"","dataTypeWithPrecisionAndScale":"string","selected":false},{"sampleValues":[],"name":"lat","description":null,"nativeDataType":"DOUBLE","derivedDataType":"double","primaryKey":false,"nullable":true,"modifiable":true,"dataTypeDescriptor":null,"updatedTracker":false,"precisionScale":null,"createdTracker":false,"tags":null,"descriptionWithoutNewLines":"","dataTypeWithPrecisionAndScale":"double","selected":false},{"sampleValues":[],"name":"long","description":null,"nativeDataType":"DOUBLE","derivedDataType":"double","primaryKey":false,"nullable":true,"modifiable":true,"dataTypeDescriptor":null,"updatedTracker":false,"precisionScale":null,"createdTracker":false,"tags":null,"descriptionWithoutNewLines":"","dataTypeWithPrecisionAndScale":"double","selected":false},{"sampleValues":[],"name":"location","description":null,"nativeDataType":"VARCHAR","derivedDataType":"string","primaryKey":false,"nullable":true,"modifiable":true,"dataTypeDescriptor":null,"updatedTracker":false,"precisionScale":null,"createdTracker":false,"tags":null,"descriptionWithoutNewLines":"","dataTypeWithPrecisionAndScale":"string","selected":false},{"sampleValues":[],"name":"decommisioned","description":null,"nativeDataType":"VARCHAR","derivedDataType":"string","primaryKey":false,"nullable":true,"modifiable":true,"dataTypeDescriptor":null,"updatedTracker":false,"precisionScale":null,"createdTracker":false,"tags":null,"descriptionWithoutNewLines":"","dataTypeWithPrecisionAndScale":"string","selected":false},{"sampleValues":[],"name":"taxreturnsfiled","description":null,"nativeDataType":"INTEGER","derivedDataType":"int","primaryKey":false,"nullable":true,"modifiable":true,"dataTypeDescriptor":null,"updatedTracker":false,"precisionScale":null,"createdTracker":false,"tags":null,"descriptionWithoutNewLines":"","dataTypeWithPrecisionAndScale":"int","selected":true},{"sampleValues":[],"name":"estimatedpopulation","description":null,"nativeDataType":"INTEGER","derivedDataType":"int","primaryKey":false,"nullable":true,"modifiable":true,"dataTypeDescriptor":null,"updatedTracker":false,"precisionScale":null,"createdTracker":false,"tags":null,"descriptionWithoutNewLines":"","dataTypeWithPrecisionAndScale":"int","selected":true},{"sampleValues":[],"name":"totalwages","description":null,"nativeDataType":"INTEGER","derivedDataType":"int","primaryKey":false,"nullable":true,"modifiable":true,"dataTypeDescriptor":null,"updatedTracker":false,"precisionScale":null,"createdTracker":false,"tags":null,"descriptionWithoutNewLines":"","dataTypeWithPrecisionAndScale":"int","selected":true},{"sampleValues":[],"name":"processing_dttm","description":null,"nativeDataType":"VARCHAR","derivedDataType":"string","primaryKey":false,"nullable":true,"modifiable":true,"dataTypeDescriptor":null,"updatedTracker":false,"precisionScale":null,"createdTracker":false,"tags":null,"descriptionWithoutNewLines":"","dataTypeWithPrecisionAndScale":"string","selected":false},{"sampleValues":[],"name":"state","description":null,"nativeDataType":"VARCHAR","derivedDataType":"string","primaryKey":false,"nullable":true,"modifiable":true,"dataTypeDescriptor":null,"updatedTracker":false,"precisionScale":null,"createdTracker":false,"tags":null,"descriptionWithoutNewLines":"","dataTypeWithPrecisionAndScale":"string","selected":true}],"reference":["usps","zip_data"],"selected":[]},"connectors":{"top":{"location":"TOP","id":3},"bottom":{"location":"BOTTOM","id":4},"left":{"location":"LEFT","id":1},"right":{"location":"RIGHT","id":2}},"inputConnectors":[{"name":""}],"outputConnectors":[{"name":""}],"width":250}],"connections":[]},"datasourceIds":[],"dataTransformScript":"import org.apache.spark.sql._\nval tbl10 = sqlContext.table(\"usps.zip_data\").alias(\"tbl10\")\nvar df = tbl10.select(tbl10.col(\"city\"), tbl10.col(\"taxreturnsfiled\"), tbl10.col(\"estimatedpopulation\"), tbl10.col(\"totalwages\"), tbl10.col(\"state\"))\ndf = df\ndf = df.filter(df(\"totalwages\").gt(functions.lit(\"0\")))\ndf = df.select(df(\"*\"), functions.concat_ws(\",\", df(\"city\"), df(\"state\")).as(\"city_state\"))\ndf\n","sql":"SELECT tbl10.`city`, tbl10.`taxreturnsfiled`, tbl10.`estimatedpopulation`, tbl10.`totalwages`, tbl10.`state` FROM `usps`.`zip_data` tbl10","states":[{"context":{"formula":"filter(greaterThan(totalwages, \"0\"))","icon":"keyboard_arrow_right","name":"Find totalwages greater than 0"},"script":".filter(df(\"totalwages\").gt(functions.lit(\"0\")))"},{"context":{"formula":"concat_ws(\",\",city,state).as('city_state')","icon":"code","name":"concat_ws(\",\",city,state).as('city_state')"},"script":".select(df(\"*\"), functions.concat_ws(\",\", df(\"city\"), df(\"state\")).as(\"city_state\"))"}]},"active":true,"state":"DISABLED","nifiProcessGroupId":"223a40f9-a8a8-1f85-c29e-ebb257561d74","options":{"skipHeader":false},"version":null,"versionName":null,"registeredTemplate":{"owner":{"displayName":"Data Lake Administrator","email":null,"enabled":true,"groups":["admin","user"],"systemName":"dladmin"},"allowedActions":{"actions":[{"systemName":"accessTemplate","actions":[{"systemName":"editTemplate"},{"systemName":"deleteTemplate"},{"systemName":"exportTemplate"},{"systemName":"createFeedFromTemplate"},{"systemName":"changeTemplatePermissions"}]}]},"roleMemberships":[],"feedRoleMemberships":[],"properties":[{"processGroupName":"NiFi Flow","processorName":"Trigger Cleanup","processorId":"aaa3bf24-1383-370a-71c0-9628328b2d91","processGroupId":"3726bb82-015d-1000-0c4e-f2572b2cc5b6","processorType":"com.thinkbiganalytics.nifi.v2.metadata.TriggerCleanup","key":"System feed category","value":"${metadata.category.systemName}","expressionProperties":null,"propertyDescriptor":{"name":"System feed category","displayName":null,"description":null,"defaultValue":null,"allowableValues":null,"required":null,"sensitive":null,"dynamic":null,"supportsEl":null,"identifiesControllerService":null},"templateValue":"${metadata.category.systemName}","userEditable":false,"renderType":"text","renderOptions":{},"selected":true,"inputProperty":true,"containsConfigurationVariables":false,"sensitive":false,"required":false,"templateProperty":null,"idKey":"3726bb82-015d-1000-0c4e-f2572b2cc5b6-aaa3bf24-1383-370a-71c0-9628328b2d91-System feed category","processorNameTypeKey":"Trigger Cleanup-com.thinkbiganalytics.nifi.v2.metadata.TriggerCleanup-System feed category","nameKey":"NiFi Flow-Trigger Cleanup-System feed category"},{"processGroupName":"NiFi Flow","processorName":"Trigger Cleanup","processorId":"aaa3bf24-1383-370a-71c0-9628328b2d91","processGroupId":"3726bb82-015d-1000-0c4e-f2572b2cc5b6","processorType":"com.thinkbiganalytics.nifi.v2.metadata.TriggerCleanup","key":"System feed name","value":"${metadata.systemFeedName}","expressionProperties":null,"propertyDescriptor":{"name":"System feed name","displayName":null,"description":null,"defaultValue":null,"allowableValues":null,"required":null,"sensitive":null,"dynamic":null,"supportsEl":null,"identifiesControllerService":null},"templateValue":"${metadata.systemFeedName}","userEditable":false,"renderType":"text","renderOptions":{},"selected":true,"inputProperty":true,"containsConfigurationVariables":false,"sensitive":false,"required":false,"templateProperty":null,"idKey":"3726bb82-015d-1000-0c4e-f2572b2cc5b6-aaa3bf24-1383-370a-71c0-9628328b2d91-System feed name","processorNameTypeKey":"Trigger Cleanup-com.thinkbiganalytics.nifi.v2.metadata.TriggerCleanup-System feed name","nameKey":"NiFi Flow-Trigger Cleanup-System feed name"},{"processGroupName":"NiFi Flow","processorName":"Update flow parameters","processorId":"092750e7-0c2a-3039-c16f-ca5b0482b909","processGroupId":"3726bb82-015d-1000-0c4e-f2572b2cc5b6","processorType":"org.apache.nifi.processors.attributes.UpdateAttribute","key":"category","value":"${metadata.category.systemName}","expressionProperties":null,"propertyDescriptor":{"name":"category","displayName":null,"description":null,"defaultValue":null,"allowableValues":null,"required":null,"sensitive":null,"dynamic":null,"supportsEl":null,"identifiesControllerService":null},"templateValue":"${metadata.category.systemName}","userEditable":false,"renderType":"text","renderOptions":{},"selected":true,"inputProperty":false,"containsConfigurationVariables":false,"sensitive":false,"required":false,"templateProperty":null,"idKey":"3726bb82-015d-1000-0c4e-f2572b2cc5b6-092750e7-0c2a-3039-c16f-ca5b0482b909-category","processorNameTypeKey":"Update flow parameters-org.apache.nifi.processors.attributes.UpdateAttribute-category","nameKey":"NiFi Flow-Update flow parameters-category"},{"processGroupName":"NiFi Flow","processorName":"Update flow parameters","processorId":"092750e7-0c2a-3039-c16f-ca5b0482b909","processGroupId":"3726bb82-015d-1000-0c4e-f2572b2cc5b6","processorType":"org.apache.nifi.processors.attributes.UpdateAttribute","key":"feed","value":"${metadata.systemFeedName}","expressionProperties":null,"propertyDescriptor":{"name":"feed","displayName":null,"description":null,"defaultValue":null,"allowableValues":null,"required":null,"sensitive":null,"dynamic":null,"supportsEl":null,"identifiesControllerService":null},"templateValue":"${metadata.systemFeedName}","userEditable":false,"renderType":"text","renderOptions":{},"selected":true,"inputProperty":false,"containsConfigurationVariables":false,"sensitive":false,"required":false,"templateProperty":null,"idKey":"3726bb82-015d-1000-0c4e-f2572b2cc5b6-092750e7-0c2a-3039-c16f-ca5b0482b909-feed","processorNameTypeKey":"Update flow parameters-org.apache.nifi.processors.attributes.UpdateAttribute-feed","nameKey":"NiFi Flow-Update flow parameters-feed"},{"processGroupName":"NiFi Flow","processorName":"Update flow parameters","processorId":"092750e7-0c2a-3039-c16f-ca5b0482b909","processGroupId":"3726bb82-015d-1000-0c4e-f2572b2cc5b6","processorType":"org.apache.nifi.processors.attributes.UpdateAttribute","key":"hdfs.ingest.root","value":"${config.hdfs.ingest.root}","expressionProperties":null,"propertyDescriptor":{"name":"hdfs.ingest.root","displayName":null,"description":null,"defaultValue":null,"allowableValues":null,"required":null,"sensitive":null,"dynamic":null,"supportsEl":null,"identifiesControllerService":null},"templateValue":"${config.hdfs.ingest.root}","userEditable":false,"renderType":"text","renderOptions":{},"selected":true,"inputProperty":false,"containsConfigurationVariables":false,"sensitive":false,"required":false,"templateProperty":null,"idKey":"3726bb82-015d-1000-0c4e-f2572b2cc5b6-092750e7-0c2a-3039-c16f-ca5b0482b909-hdfs.ingest.root","processorNameTypeKey":"Update flow parameters-org.apache.nifi.processors.attributes.UpdateAttribute-hdfs.ingest.root","nameKey":"NiFi Flow-Update flow parameters-hdfs.ingest.root"},{"processGroupName":"NiFi Flow","processorName":"Update flow parameters","processorId":"092750e7-0c2a-3039-c16f-ca5b0482b909","processGroupId":"3726bb82-015d-1000-0c4e-f2572b2cc5b6","processorType":"org.apache.nifi.processors.attributes.UpdateAttribute","key":"hive.ingest.root","value":"${config.hive.ingest.root}","expressionProperties":null,"propertyDescriptor":{"name":"hive.ingest.root","displayName":null,"description":null,"defaultValue":null,"allowableValues":null,"required":null,"sensitive":null,"dynamic":null,"supportsEl":null,"identifiesControllerService":null},"templateValue":"${config.hive.ingest.root}","userEditable":false,"renderType":"text","renderOptions":{},"selected":true,"inputProperty":false,"containsConfigurationVariables":false,"sensitive":false,"required":false,"templateProperty":null,"idKey":"3726bb82-015d-1000-0c4e-f2572b2cc5b6-092750e7-0c2a-3039-c16f-ca5b0482b909-hive.ingest.root","processorNameTypeKey":"Update flow parameters-org.apache.nifi.processors.attributes.UpdateAttribute-hive.ingest.root","nameKey":"NiFi Flow-Update flow parameters-hive.ingest.root"},{"processGroupName":"NiFi Flow","processorName":"Update flow parameters","processorId":"092750e7-0c2a-3039-c16f-ca5b0482b909","processGroupId":"3726bb82-015d-1000-0c4e-f2572b2cc5b6","processorType":"org.apache.nifi.processors.attributes.UpdateAttribute","key":"hive.master.root","value":"${config.hive.master.root}","expressionProperties":null,"propertyDescriptor":{"name":"hive.master.root","displayName":null,"description":null,"defaultValue":null,"allowableValues":null,"required":null,"sensitive":null,"dynamic":null,"supportsEl":null,"identifiesControllerService":null},"templateValue":"${config.hive.master.root}","userEditable":false,"renderType":"text","renderOptions":{},"selected":true,"inputProperty":false,"containsConfigurationVariables":false,"sensitive":false,"required":false,"templateProperty":null,"idKey":"3726bb82-015d-1000-0c4e-f2572b2cc5b6-092750e7-0c2a-3039-c16f-ca5b0482b909-hive.master.root","processorNameTypeKey":"Update flow parameters-org.apache.nifi.processors.attributes.UpdateAttribute-hive.master.root","nameKey":"NiFi Flow-Update flow parameters-hive.master.root"},{"processGroupName":"NiFi Flow","processorName":"Update flow parameters","processorId":"092750e7-0c2a-3039-c16f-ca5b0482b909","processGroupId":"3726bb82-015d-1000-0c4e-f2572b2cc5b6","processorType":"org.apache.nifi.processors.attributes.UpdateAttribute","key":"metadata.dataTransformation.dataTransformScript","value":"${metadata.dataTransformation.dataTransformScript}","expressionProperties":null,"propertyDescriptor":{"name":"metadata.dataTransformation.dataTransformScript","displayName":"metadata.dataTransformation.dataTransformScript","description":"","defaultValue":null,"allowableValues":null,"required":false,"sensitive":false,"dynamic":true,"supportsEl":true,"identifiesControllerService":null},"templateValue":"${metadata.dataTransformation.dataTransformScript}","userEditable":false,"renderType":"text","renderOptions":{},"selected":true,"inputProperty":false,"containsConfigurationVariables":false,"sensitive":false,"required":false,"templateProperty":null,"idKey":"3726bb82-015d-1000-0c4e-f2572b2cc5b6-092750e7-0c2a-3039-c16f-ca5b0482b909-metadata.dataTransformation.dataTransformScript","processorNameTypeKey":"Update flow parameters-org.apache.nifi.processors.attributes.UpdateAttribute-metadata.dataTransformation.dataTransformScript","nameKey":"NiFi Flow-Update flow parameters-metadata.dataTransformation.dataTransformScript"},{"processGroupName":"NiFi Flow","processorName":"Update flow parameters","processorId":"092750e7-0c2a-3039-c16f-ca5b0482b909","processGroupId":"3726bb82-015d-1000-0c4e-f2572b2cc5b6","processorType":"org.apache.nifi.processors.attributes.UpdateAttribute","key":"metadata.dataTransformation.datasourceIds","value":"${metadata.dataTransformation.datasourceIds}","expressionProperties":null,"propertyDescriptor":{"name":"metadata.dataTransformation.datasourceIds","displayName":"metadata.dataTransformation.datasourceIds","description":"","defaultValue":null,"allowableValues":null,"required":false,"sensitive":false,"dynamic":true,"supportsEl":true,"identifiesControllerService":null},"templateValue":"${metadata.dataTransformation.datasourceIds}","userEditable":false,"renderType":"text","renderOptions":{},"selected":true,"inputProperty":false,"containsConfigurationVariables":false,"sensitive":false,"required":false,"templateProperty":null,"idKey":"3726bb82-015d-1000-0c4e-f2572b2cc5b6-092750e7-0c2a-3039-c16f-ca5b0482b909-metadata.dataTransformation.datasourceIds","processorNameTypeKey":"Update flow parameters-org.apache.nifi.processors.attributes.UpdateAttribute-metadata.dataTransformation.datasourceIds","nameKey":"NiFi Flow-Update flow parameters-metadata.dataTransformation.datasourceIds"},{"processGroupName":"NiFi Flow","processorName":"Update flow parameters","processorId":"092750e7-0c2a-3039-c16f-ca5b0482b909","processGroupId":"3726bb82-015d-1000-0c4e-f2572b2cc5b6","processorType":"org.apache.nifi.processors.attributes.UpdateAttribute","key":"metadata.table.feedFieldStructure","value":"${metadata.table.feedFieldStructure}","expressionProperties":null,"propertyDescriptor":{"name":"metadata.table.feedFieldStructure","displayName":"metadata.table.feedFieldStructure","description":"","defaultValue":null,"allowableValues":null,"required":false,"sensitive":false,"dynamic":true,"supportsEl":true,"identifiesControllerService":null},"templateValue":"${metadata.table.feedFieldStructure}","userEditable":false,"renderType":"text","renderOptions":{},"selected":true,"inputProperty":false,"containsConfigurationVariables":false,"sensitive":false,"required":false,"templateProperty":null,"idKey":"3726bb82-015d-1000-0c4e-f2572b2cc5b6-092750e7-0c2a-3039-c16f-ca5b0482b909-metadata.table.feedFieldStructure","processorNameTypeKey":"Update flow parameters-org.apache.nifi.processors.attributes.UpdateAttribute-metadata.table.feedFieldStructure","nameKey":"NiFi Flow-Update flow parameters-metadata.table.feedFieldStructure"},{"processGroupName":"NiFi Flow","processorName":"Update flow parameters","processorId":"092750e7-0c2a-3039-c16f-ca5b0482b909","processGroupId":"3726bb82-015d-1000-0c4e-f2572b2cc5b6","processorType":"org.apache.nifi.processors.attributes.UpdateAttribute","key":"metadata.table.fieldIndexString","value":"${metadata.table.fieldIndexString}","expressionProperties":null,"propertyDescriptor":{"name":"metadata.table.fieldIndexString","displayName":"metadata.table.fieldIndexString","description":"","defaultValue":null,"allowableValues":null,"required":false,"sensitive":false,"dynamic":true,"supportsEl":true,"identifiesControllerService":null},"templateValue":"${metadata.table.fieldIndexString}","userEditable":false,"renderType":"text","renderOptions":{},"selected":true,"inputProperty":false,"containsConfigurationVariables":false,"sensitive":false,"required":false,"templateProperty":null,"idKey":"3726bb82-015d-1000-0c4e-f2572b2cc5b6-092750e7-0c2a-3039-c16f-ca5b0482b909-metadata.table.fieldIndexString","processorNameTypeKey":"Update flow parameters-org.apache.nifi.processors.attributes.UpdateAttribute-metadata.table.fieldIndexString","nameKey":"NiFi Flow-Update flow parameters-metadata.table.fieldIndexString"},{"processGroupName":"NiFi Flow","processorName":"Update flow parameters","processorId":"092750e7-0c2a-3039-c16f-ca5b0482b909","processGroupId":"3726bb82-015d-1000-0c4e-f2572b2cc5b6","processorType":"org.apache.nifi.processors.attributes.UpdateAttribute","key":"metadata.table.fieldPoliciesJson","value":"${metadata.table.fieldPoliciesJson}","expressionProperties":null,"propertyDescriptor":{"name":"metadata.table.fieldPoliciesJson","displayName":"metadata.table.fieldPoliciesJson","description":"","defaultValue":null,"allowableValues":null,"required":false,"sensitive":false,"dynamic":true,"supportsEl":true,"identifiesControllerService":null},"templateValue":"${metadata.table.fieldPoliciesJson}","userEditable":false,"renderType":"text","renderOptions":{},"selected":true,"inputProperty":false,"containsConfigurationVariables":false,"sensitive":false,"required":false,"templateProperty":null,"idKey":"3726bb82-015d-1000-0c4e-f2572b2cc5b6-092750e7-0c2a-3039-c16f-ca5b0482b909-metadata.table.fieldPoliciesJson","processorNameTypeKey":"Update flow parameters-org.apache.nifi.processors.attributes.UpdateAttribute-metadata.table.fieldPoliciesJson","nameKey":"NiFi Flow-Update flow parameters-metadata.table.fieldPoliciesJson"},{"processGroupName":"NiFi Flow","processorName":"Update flow parameters","processorId":"092750e7-0c2a-3039-c16f-ca5b0482b909","processGroupId":"3726bb82-015d-1000-0c4e-f2572b2cc5b6","processorType":"org.apache.nifi.processors.attributes.UpdateAttribute","key":"metadata.table.fieldStructure","value":"${metadata.table.fieldStructure}","expressionProperties":null,"propertyDescriptor":{"name":"metadata.table.fieldStructure","displayName":null,"description":null,"defaultValue":null,"allowableValues":null,"required":null,"sensitive":null,"dynamic":null,"supportsEl":null,"identifiesControllerService":null},"templateValue":"${metadata.table.fieldStructure}","userEditable":false,"renderType":"text","renderOptions":{},"selected":true,"inputProperty":false,"containsConfigurationVariables":false,"sensitive":false,"required":false,"templateProperty":null,"idKey":"3726bb82-015d-1000-0c4e-f2572b2cc5b6-092750e7-0c2a-3039-c16f-ca5b0482b909-metadata.table.fieldStructure","processorNameTypeKey":"Update flow parameters-org.apache.nifi.processors.attributes.UpdateAttribute-metadata.table.fieldStructure","nameKey":"NiFi Flow-Update flow parameters-metadata.table.fieldStructure"},{"processGroupName":"NiFi Flow","processorName":"Update flow parameters","processorId":"092750e7-0c2a-3039-c16f-ca5b0482b909","processGroupId":"3726bb82-015d-1000-0c4e-f2572b2cc5b6","processorType":"org.apache.nifi.processors.attributes.UpdateAttribute","key":"metadata.table.partitionSpecs","value":"${metadata.table.partitionSpecs}","expressionProperties":null,"propertyDescriptor":{"name":"metadata.table.partitionSpecs","displayName":"metadata.table.partitionSpecs","description":"","defaultValue":null,"allowableValues":null,"required":false,"sensitive":false,"dynamic":true,"supportsEl":true,"identifiesControllerService":null},"templateValue":"${metadata.table.partitionSpecs}","userEditable":false,"renderType":"text","renderOptions":{},"selected":true,"inputProperty":false,"containsConfigurationVariables":false,"sensitive":false,"required":false,"templateProperty":null,"idKey":"3726bb82-015d-1000-0c4e-f2572b2cc5b6-092750e7-0c2a-3039-c16f-ca5b0482b909-metadata.table.partitionSpecs","processorNameTypeKey":"Update flow parameters-org.apache.nifi.processors.attributes.UpdateAttribute-metadata.table.partitionSpecs","nameKey":"NiFi Flow-Update flow parameters-metadata.table.partitionSpecs"},{"processGroupName":"NiFi Flow","processorName":"Update flow parameters","processorId":"092750e7-0c2a-3039-c16f-ca5b0482b909","processGroupId":"3726bb82-015d-1000-0c4e-f2572b2cc5b6","processorType":"org.apache.nifi.processors.attributes.UpdateAttribute","key":"metadata.table.partitionStructure","value":"${metadata.table.partitionStructure}","expressionProperties":null,"propertyDescriptor":{"name":"metadata.table.partitionStructure","displayName":null,"description":null,"defaultValue":null,"allowableValues":null,"required":null,"sensitive":null,"dynamic":null,"supportsEl":null,"identifiesControllerService":null},"templateValue":"${metadata.table.partitionStructure}","userEditable":false,"renderType":"text","renderOptions":{},"selected":true,"inputProperty":false,"containsConfigurationVariables":false,"sensitive":false,"required":false,"templateProperty":null,"idKey":"3726bb82-015d-1000-0c4e-f2572b2cc5b6-092750e7-0c2a-3039-c16f-ca5b0482b909-metadata.table.partitionStructure","processorNameTypeKey":"Update flow parameters-org.apache.nifi.processors.attributes.UpdateAttribute-metadata.table.partitionStructure","nameKey":"NiFi Flow-Update flow parameters-metadata.table.partitionStructure"},{"processGroupName":"NiFi Flow","processorName":"Update flow parameters","processorId":"092750e7-0c2a-3039-c16f-ca5b0482b909","processGroupId":"3726bb82-015d-1000-0c4e-f2572b2cc5b6","processorType":"org.apache.nifi.processors.attributes.UpdateAttribute","key":"metadata.table.targetFormat","value":"${metadata.table.targetFormat}","expressionProperties":null,"propertyDescriptor":{"name":"metadata.table.targetFormat","displayName":null,"description":null,"defaultValue":null,"allowableValues":null,"required":null,"sensitive":null,"dynamic":null,"supportsEl":null,"identifiesControllerService":null},"templateValue":"${metadata.table.targetFormat}","userEditable":false,"renderType":"text","renderOptions":{},"selected":true,"inputProperty":false,"containsConfigurationVariables":false,"sensitive":false,"required":false,"templateProperty":null,"idKey":"3726bb82-015d-1000-0c4e-f2572b2cc5b6-092750e7-0c2a-3039-c16f-ca5b0482b909-metadata.table.targetFormat","processorNameTypeKey":"Update flow parameters-org.apache.nifi.processors.attributes.UpdateAttribute-metadata.table.targetFormat","nameKey":"NiFi Flow-Update flow parameters-metadata.table.targetFormat"},{"processGroupName":"NiFi Flow","processorName":"Update flow parameters","processorId":"092750e7-0c2a-3039-c16f-ca5b0482b909","processGroupId":"3726bb82-015d-1000-0c4e-f2572b2cc5b6","processorType":"org.apache.nifi.processors.attributes.UpdateAttribute","key":"metadata.table.targetMergeStrategy","value":"${metadata.table.targetMergeStrategy}","expressionProperties":null,"propertyDescriptor":{"name":"metadata.table.targetMergeStrategy","displayName":"metadata.table.targetMergeStrategy","description":"","defaultValue":null,"allowableValues":null,"required":false,"sensitive":false,"dynamic":true,"supportsEl":true,"identifiesControllerService":null},"templateValue":"${metadata.table.targetMergeStrategy}","userEditable":false,"renderType":"text","renderOptions":{},"selected":true,"inputProperty":false,"containsConfigurationVariables":false,"sensitive":false,"required":false,"templateProperty":null,"idKey":"3726bb82-015d-1000-0c4e-f2572b2cc5b6-092750e7-0c2a-3039-c16f-ca5b0482b909-metadata.table.targetMergeStrategy","processorNameTypeKey":"Update flow parameters-org.apache.nifi.processors.attributes.UpdateAttribute-metadata.table.targetMergeStrategy","nameKey":"NiFi Flow-Update flow parameters-metadata.table.targetMergeStrategy"},{"processGroupName":"NiFi Flow","processorName":"Update flow parameters","processorId":"092750e7-0c2a-3039-c16f-ca5b0482b909","processGroupId":"3726bb82-015d-1000-0c4e-f2572b2cc5b6","processorType":"org.apache.nifi.processors.attributes.UpdateAttribute","key":"metadata.table.targetTblProperties","value":"${metadata.table.targetTblProperties}","expressionProperties":null,"propertyDescriptor":{"name":"metadata.table.targetTblProperties","displayName":"metadata.table.targetTblProperties","description":"","defaultValue":null,"allowableValues":null,"required":false,"sensitive":false,"dynamic":true,"supportsEl":true,"identifiesControllerService":null},"templateValue":"${metadata.table.targetTblProperties}","userEditable":false,"renderType":"text","renderOptions":{},"selected":true,"inputProperty":false,"containsConfigurationVariables":false,"sensitive":false,"required":false,"templateProperty":null,"idKey":"3726bb82-015d-1000-0c4e-f2572b2cc5b6-092750e7-0c2a-3039-c16f-ca5b0482b909-metadata.table.targetTblProperties","processorNameTypeKey":"Update flow parameters-org.apache.nifi.processors.attributes.UpdateAttribute-metadata.table.targetTblProperties","nameKey":"NiFi Flow-Update flow parameters-metadata.table.targetTblProperties"},{"processGroupName":"NiFi Flow","processorName":"Update flow parameters","processorId":"092750e7-0c2a-3039-c16f-ca5b0482b909","processGroupId":"3726bb82-015d-1000-0c4e-f2572b2cc5b6","processorType":"org.apache.nifi.processors.attributes.UpdateAttribute","key":"spark.version","value":"${config.spark.version}","expressionProperties":null,"propertyDescriptor":{"name":"spark.version","displayName":"spark.version","description":"","defaultValue":null,"allowableValues":null,"required":false,"sensitive":false,"dynamic":true,"supportsEl":true,"identifiesControllerService":null},"templateValue":"${config.spark.version}","userEditable":false,"renderType":"text","renderOptions":{},"selected":true,"inputProperty":false,"containsConfigurationVariables":false,"sensitive":false,"required":false,"templateProperty":null,"idKey":"3726bb82-015d-1000-0c4e-f2572b2cc5b6-092750e7-0c2a-3039-c16f-ca5b0482b909-spark.version","processorNameTypeKey":"Update flow parameters-org.apache.nifi.processors.attributes.UpdateAttribute-spark.version","nameKey":"NiFi Flow-Update flow parameters-spark.version"}],"nonInputProcessors":[{"properties":[{"processGroupName":"NiFi Flow","processorName":"Update flow parameters","processorId":"092750e7-0c2a-3039-c16f-ca5b0482b909","processGroupId":"3726bb82-015d-1000-0c4e-f2572b2cc5b6","processorType":"org.apache.nifi.processors.attributes.UpdateAttribute","key":"category","value":"${metadata.category.systemName}","expressionProperties":null,"propertyDescriptor":{"name":"category","displayName":null,"description":null,"defaultValue":null,"allowableValues":null,"required":null,"sensitive":null,"dynamic":null,"supportsEl":null,"identifiesControllerService":null},"templateValue":"${metadata.category.systemName}","userEditable":false,"renderType":"text","renderOptions":{},"selected":true,"inputProperty":false,"containsConfigurationVariables":false,"sensitive":false,"required":false,"templateProperty":null,"idKey":"3726bb82-015d-1000-0c4e-f2572b2cc5b6-092750e7-0c2a-3039-c16f-ca5b0482b909-category","processorNameTypeKey":"Update flow parameters-org.apache.nifi.processors.attributes.UpdateAttribute-category","nameKey":"NiFi Flow-Update flow parameters-category"},{"processGroupName":"NiFi Flow","processorName":"Update flow parameters","processorId":"092750e7-0c2a-3039-c16f-ca5b0482b909","processGroupId":"3726bb82-015d-1000-0c4e-f2572b2cc5b6","processorType":"org.apache.nifi.processors.attributes.UpdateAttribute","key":"feed","value":"${metadata.systemFeedName}","expressionProperties":null,"propertyDescriptor":{"name":"feed","displayName":null,"description":null,"defaultValue":null,"allowableValues":null,"required":null,"sensitive":null,"dynamic":null,"supportsEl":null,"identifiesControllerService":null},"templateValue":"${metadata.systemFeedName}","userEditable":false,"renderType":"text","renderOptions":{},"selected":true,"inputProperty":false,"containsConfigurationVariables":false,"sensitive":false,"required":false,"templateProperty":null,"idKey":"3726bb82-015d-1000-0c4e-f2572b2cc5b6-092750e7-0c2a-3039-c16f-ca5b0482b909-feed","processorNameTypeKey":"Update flow parameters-org.apache.nifi.processors.attributes.UpdateAttribute-feed","nameKey":"NiFi Flow-Update flow parameters-feed"},{"processGroupName":"NiFi Flow","processorName":"Update flow parameters","processorId":"092750e7-0c2a-3039-c16f-ca5b0482b909","processGroupId":"3726bb82-015d-1000-0c4e-f2572b2cc5b6","processorType":"org.apache.nifi.processors.attributes.UpdateAttribute","key":"hdfs.ingest.root","value":"${config.hdfs.ingest.root}","expressionProperties":null,"propertyDescriptor":{"name":"hdfs.ingest.root","displayName":null,"description":null,"defaultValue":null,"allowableValues":null,"required":null,"sensitive":null,"dynamic":null,"supportsEl":null,"identifiesControllerService":null},"templateValue":"${config.hdfs.ingest.root}","userEditable":false,"renderType":"text","renderOptions":{},"selected":true,"inputProperty":false,"containsConfigurationVariables":false,"sensitive":false,"required":false,"templateProperty":null,"idKey":"3726bb82-015d-1000-0c4e-f2572b2cc5b6-092750e7-0c2a-3039-c16f-ca5b0482b909-hdfs.ingest.root","processorNameTypeKey":"Update flow parameters-org.apache.nifi.processors.attributes.UpdateAttribute-hdfs.ingest.root","nameKey":"NiFi Flow-Update flow parameters-hdfs.ingest.root"},{"processGroupName":"NiFi Flow","processorName":"Update flow parameters","processorId":"092750e7-0c2a-3039-c16f-ca5b0482b909","processGroupId":"3726bb82-015d-1000-0c4e-f2572b2cc5b6","processorType":"org.apache.nifi.processors.attributes.UpdateAttribute","key":"hive.ingest.root","value":"${config.hive.ingest.root}","expressionProperties":null,"propertyDescriptor":{"name":"hive.ingest.root","displayName":null,"description":null,"defaultValue":null,"allowableValues":null,"required":null,"sensitive":null,"dynamic":null,"supportsEl":null,"identifiesControllerService":null},"templateValue":"${config.hive.ingest.root}","userEditable":false,"renderType":"text","renderOptions":{},"selected":true,"inputProperty":false,"containsConfigurationVariables":false,"sensitive":false,"required":false,"templateProperty":null,"idKey":"3726bb82-015d-1000-0c4e-f2572b2cc5b6-092750e7-0c2a-3039-c16f-ca5b0482b909-hive.ingest.root","processorNameTypeKey":"Update flow parameters-org.apache.nifi.processors.attributes.UpdateAttribute-hive.ingest.root","nameKey":"NiFi Flow-Update flow parameters-hive.ingest.root"},{"processGroupName":"NiFi Flow","processorName":"Update flow parameters","processorId":"092750e7-0c2a-3039-c16f-ca5b0482b909","processGroupId":"3726bb82-015d-1000-0c4e-f2572b2cc5b6","processorType":"org.apache.nifi.processors.attributes.UpdateAttribute","key":"hive.master.root","value":"${config.hive.master.root}","expressionProperties":null,"propertyDescriptor":{"name":"hive.master.root","displayName":null,"description":null,"defaultValue":null,"allowableValues":null,"required":null,"sensitive":null,"dynamic":null,"supportsEl":null,"identifiesControllerService":null},"templateValue":"${config.hive.master.root}","userEditable":false,"renderType":"text","renderOptions":{},"selected":true,"inputProperty":false,"containsConfigurationVariables":false,"sensitive":false,"required":false,"templateProperty":null,"idKey":"3726bb82-015d-1000-0c4e-f2572b2cc5b6-092750e7-0c2a-3039-c16f-ca5b0482b909-hive.master.root","processorNameTypeKey":"Update flow parameters-org.apache.nifi.processors.attributes.UpdateAttribute-hive.master.root","nameKey":"NiFi Flow-Update flow parameters-hive.master.root"},{"processGroupName":"NiFi Flow","processorName":"Update flow parameters","processorId":"092750e7-0c2a-3039-c16f-ca5b0482b909","processGroupId":"3726bb82-015d-1000-0c4e-f2572b2cc5b6","processorType":"org.apache.nifi.processors.attributes.UpdateAttribute","key":"metadata.dataTransformation.dataTransformScript","value":"${metadata.dataTransformation.dataTransformScript}","expressionProperties":null,"propertyDescriptor":{"name":"metadata.dataTransformation.dataTransformScript","displayName":"metadata.dataTransformation.dataTransformScript","description":"","defaultValue":null,"allowableValues":null,"required":false,"sensitive":false,"dynamic":true,"supportsEl":true,"identifiesControllerService":null},"templateValue":"${metadata.dataTransformation.dataTransformScript}","userEditable":false,"renderType":"text","renderOptions":{},"selected":true,"inputProperty":false,"containsConfigurationVariables":false,"sensitive":false,"required":false,"templateProperty":null,"idKey":"3726bb82-015d-1000-0c4e-f2572b2cc5b6-092750e7-0c2a-3039-c16f-ca5b0482b909-metadata.dataTransformation.dataTransformScript","processorNameTypeKey":"Update flow parameters-org.apache.nifi.processors.attributes.UpdateAttribute-metadata.dataTransformation.dataTransformScript","nameKey":"NiFi Flow-Update flow parameters-metadata.dataTransformation.dataTransformScript"},{"processGroupName":"NiFi Flow","processorName":"Update flow parameters","processorId":"092750e7-0c2a-3039-c16f-ca5b0482b909","processGroupId":"3726bb82-015d-1000-0c4e-f2572b2cc5b6","processorType":"org.apache.nifi.processors.attributes.UpdateAttribute","key":"metadata.dataTransformation.datasourceIds","value":"${metadata.dataTransformation.datasourceIds}","expressionProperties":null,"propertyDescriptor":{"name":"metadata.dataTransformation.datasourceIds","displayName":"metadata.dataTransformation.datasourceIds","description":"","defaultValue":null,"allowableValues":null,"required":false,"sensitive":false,"dynamic":true,"supportsEl":true,"identifiesControllerService":null},"templateValue":"${metadata.dataTransformation.datasourceIds}","userEditable":false,"renderType":"text","renderOptions":{},"selected":true,"inputProperty":false,"containsConfigurationVariables":false,"sensitive":false,"required":false,"templateProperty":null,"idKey":"3726bb82-015d-1000-0c4e-f2572b2cc5b6-092750e7-0c2a-3039-c16f-ca5b0482b909-metadata.dataTransformation.datasourceIds","processorNameTypeKey":"Update flow parameters-org.apache.nifi.processors.attributes.UpdateAttribute-metadata.dataTransformation.datasourceIds","nameKey":"NiFi Flow-Update flow parameters-metadata.dataTransformation.datasourceIds"},{"processGroupName":"NiFi Flow","processorName":"Update flow parameters","processorId":"092750e7-0c2a-3039-c16f-ca5b0482b909","processGroupId":"3726bb82-015d-1000-0c4e-f2572b2cc5b6","processorType":"org.apache.nifi.processors.attributes.UpdateAttribute","key":"metadata.table.feedFieldStructure","value":"${metadata.table.feedFieldStructure}","expressionProperties":null,"propertyDescriptor":{"name":"metadata.table.feedFieldStructure","displayName":"metadata.table.feedFieldStructure","description":"","defaultValue":null,"allowableValues":null,"required":false,"sensitive":false,"dynamic":true,"supportsEl":true,"identifiesControllerService":null},"templateValue":"${metadata.table.feedFieldStructure}","userEditable":false,"renderType":"text","renderOptions":{},"selected":true,"inputProperty":false,"containsConfigurationVariables":false,"sensitive":false,"required":false,"templateProperty":null,"idKey":"3726bb82-015d-1000-0c4e-f2572b2cc5b6-092750e7-0c2a-3039-c16f-ca5b0482b909-metadata.table.feedFieldStructure","processorNameTypeKey":"Update flow parameters-org.apache.nifi.processors.attributes.UpdateAttribute-metadata.table.feedFieldStructure","nameKey":"NiFi Flow-Update flow parameters-metadata.table.feedFieldStructure"},{"processGroupName":"NiFi Flow","processorName":"Update flow parameters","processorId":"092750e7-0c2a-3039-c16f-ca5b0482b909","processGroupId":"3726bb82-015d-1000-0c4e-f2572b2cc5b6","processorType":"org.apache.nifi.processors.attributes.UpdateAttribute","key":"metadata.table.fieldIndexString","value":"${metadata.table.fieldIndexString}","expressionProperties":null,"propertyDescriptor":{"name":"metadata.table.fieldIndexString","displayName":"metadata.table.fieldIndexString","description":"","defaultValue":null,"allowableValues":null,"required":false,"sensitive":false,"dynamic":true,"supportsEl":true,"identifiesControllerService":null},"templateValue":"${metadata.table.fieldIndexString}","userEditable":false,"renderType":"text","renderOptions":{},"selected":true,"inputProperty":false,"containsConfigurationVariables":false,"sensitive":false,"required":false,"templateProperty":null,"idKey":"3726bb82-015d-1000-0c4e-f2572b2cc5b6-092750e7-0c2a-3039-c16f-ca5b0482b909-metadata.table.fieldIndexString","processorNameTypeKey":"Update flow parameters-org.apache.nifi.processors.attributes.UpdateAttribute-metadata.table.fieldIndexString","nameKey":"NiFi Flow-Update flow parameters-metadata.table.fieldIndexString"},{"processGroupName":"NiFi Flow","processorName":"Update flow parameters","processorId":"092750e7-0c2a-3039-c16f-ca5b0482b909","processGroupId":"3726bb82-015d-1000-0c4e-f2572b2cc5b6","processorType":"org.apache.nifi.processors.attributes.UpdateAttribute","key":"metadata.table.fieldPoliciesJson","value":"${metadata.table.fieldPoliciesJson}","expressionProperties":null,"propertyDescriptor":{"name":"metadata.table.fieldPoliciesJson","displayName":"metadata.table.fieldPoliciesJson","description":"","defaultValue":null,"allowableValues":null,"required":false,"sensitive":false,"dynamic":true,"supportsEl":true,"identifiesControllerService":null},"templateValue":"${metadata.table.fieldPoliciesJson}","userEditable":false,"renderType":"text","renderOptions":{},"selected":true,"inputProperty":false,"containsConfigurationVariables":false,"sensitive":false,"required":false,"templateProperty":null,"idKey":"3726bb82-015d-1000-0c4e-f2572b2cc5b6-092750e7-0c2a-3039-c16f-ca5b0482b909-metadata.table.fieldPoliciesJson","processorNameTypeKey":"Update flow parameters-org.apache.nifi.processors.attributes.UpdateAttribute-metadata.table.fieldPoliciesJson","nameKey":"NiFi Flow-Update flow parameters-metadata.table.fieldPoliciesJson"},{"processGroupName":"NiFi Flow","processorName":"Update flow parameters","processorId":"092750e7-0c2a-3039-c16f-ca5b0482b909","processGroupId":"3726bb82-015d-1000-0c4e-f2572b2cc5b6","processorType":"org.apache.nifi.processors.attributes.UpdateAttribute","key":"metadata.table.fieldStructure","value":"${metadata.table.fieldStructure}","expressionProperties":null,"propertyDescriptor":{"name":"metadata.table.fieldStructure","displayName":null,"description":null,"defaultValue":null,"allowableValues":null,"required":null,"sensitive":null,"dynamic":null,"supportsEl":null,"identifiesControllerService":null},"templateValue":"${metadata.table.fieldStructure}","userEditable":false,"renderType":"text","renderOptions":{},"selected":true,"inputProperty":false,"containsConfigurationVariables":false,"sensitive":false,"required":false,"templateProperty":null,"idKey":"3726bb82-015d-1000-0c4e-f2572b2cc5b6-092750e7-0c2a-3039-c16f-ca5b0482b909-metadata.table.fieldStructure","processorNameTypeKey":"Update flow parameters-org.apache.nifi.processors.attributes.UpdateAttribute-metadata.table.fieldStructure","nameKey":"NiFi Flow-Update flow parameters-metadata.table.fieldStructure"},{"processGroupName":"NiFi Flow","processorName":"Update flow parameters","processorId":"092750e7-0c2a-3039-c16f-ca5b0482b909","processGroupId":"3726bb82-015d-1000-0c4e-f2572b2cc5b6","processorType":"org.apache.nifi.processors.attributes.UpdateAttribute","key":"metadata.table.partitionSpecs","value":"${metadata.table.partitionSpecs}","expressionProperties":null,"propertyDescriptor":{"name":"metadata.table.partitionSpecs","displayName":"metadata.table.partitionSpecs","description":"","defaultValue":null,"allowableValues":null,"required":false,"sensitive":false,"dynamic":true,"supportsEl":true,"identifiesControllerService":null},"templateValue":"${metadata.table.partitionSpecs}","userEditable":false,"renderType":"text","renderOptions":{},"selected":true,"inputProperty":false,"containsConfigurationVariables":false,"sensitive":false,"required":false,"templateProperty":null,"idKey":"3726bb82-015d-1000-0c4e-f2572b2cc5b6-092750e7-0c2a-3039-c16f-ca5b0482b909-metadata.table.partitionSpecs","processorNameTypeKey":"Update flow parameters-org.apache.nifi.processors.attributes.UpdateAttribute-metadata.table.partitionSpecs","nameKey":"NiFi Flow-Update flow parameters-metadata.table.partitionSpecs"},{"processGroupName":"NiFi Flow","processorName":"Update flow parameters","processorId":"092750e7-0c2a-3039-c16f-ca5b0482b909","processGroupId":"3726bb82-015d-1000-0c4e-f2572b2cc5b6","processorType":"org.apache.nifi.processors.attributes.UpdateAttribute","key":"metadata.table.partitionStructure","value":"${metadata.table.partitionStructure}","expressionProperties":null,"propertyDescriptor":{"name":"metadata.table.partitionStructure","displayName":null,"description":null,"defaultValue":null,"allowableValues":null,"required":null,"sensitive":null,"dynamic":null,"supportsEl":null,"identifiesControllerService":null},"templateValue":"${metadata.table.partitionStructure}","userEditable":false,"renderType":"text","renderOptions":{},"selected":true,"inputProperty":false,"containsConfigurationVariables":false,"sensitive":false,"required":false,"templateProperty":null,"idKey":"3726bb82-015d-1000-0c4e-f2572b2cc5b6-092750e7-0c2a-3039-c16f-ca5b0482b909-metadata.table.partitionStructure","processorNameTypeKey":"Update flow parameters-org.apache.nifi.processors.attributes.UpdateAttribute-metadata.table.partitionStructure","nameKey":"NiFi Flow-Update flow parameters-metadata.table.partitionStructure"},{"processGroupName":"NiFi Flow","processorName":"Update flow parameters","processorId":"092750e7-0c2a-3039-c16f-ca5b0482b909","processGroupId":"3726bb82-015d-1000-0c4e-f2572b2cc5b6","processorType":"org.apache.nifi.processors.attributes.UpdateAttribute","key":"metadata.table.targetFormat","value":"${metadata.table.targetFormat}","expressionProperties":null,"propertyDescriptor":{"name":"metadata.table.targetFormat","displayName":null,"description":null,"defaultValue":null,"allowableValues":null,"required":null,"sensitive":null,"dynamic":null,"supportsEl":null,"identifiesControllerService":null},"templateValue":"${metadata.table.targetFormat}","userEditable":false,"renderType":"text","renderOptions":{},"selected":true,"inputProperty":false,"containsConfigurationVariables":false,"sensitive":false,"required":false,"templateProperty":null,"idKey":"3726bb82-015d-1000-0c4e-f2572b2cc5b6-092750e7-0c2a-3039-c16f-ca5b0482b909-metadata.table.targetFormat","processorNameTypeKey":"Update flow parameters-org.apache.nifi.processors.attributes.UpdateAttribute-metadata.table.targetFormat","nameKey":"NiFi Flow-Update flow parameters-metadata.table.targetFormat"},{"processGroupName":"NiFi Flow","processorName":"Update flow parameters","processorId":"092750e7-0c2a-3039-c16f-ca5b0482b909","processGroupId":"3726bb82-015d-1000-0c4e-f2572b2cc5b6","processorType":"org.apache.nifi.processors.attributes.UpdateAttribute","key":"metadata.table.targetMergeStrategy","value":"${metadata.table.targetMergeStrategy}","expressionProperties":null,"propertyDescriptor":{"name":"metadata.table.targetMergeStrategy","displayName":"metadata.table.targetMergeStrategy","description":"","defaultValue":null,"allowableValues":null,"required":false,"sensitive":false,"dynamic":true,"supportsEl":true,"identifiesControllerService":null},"templateValue":"${metadata.table.targetMergeStrategy}","userEditable":false,"renderType":"text","renderOptions":{},"selected":true,"inputProperty":false,"containsConfigurationVariables":false,"sensitive":false,"required":false,"templateProperty":null,"idKey":"3726bb82-015d-1000-0c4e-f2572b2cc5b6-092750e7-0c2a-3039-c16f-ca5b0482b909-metadata.table.targetMergeStrategy","processorNameTypeKey":"Update flow parameters-org.apache.nifi.processors.attributes.UpdateAttribute-metadata.table.targetMergeStrategy","nameKey":"NiFi Flow-Update flow parameters-metadata.table.targetMergeStrategy"},{"processGroupName":"NiFi Flow","processorName":"Update flow parameters","processorId":"092750e7-0c2a-3039-c16f-ca5b0482b909","processGroupId":"3726bb82-015d-1000-0c4e-f2572b2cc5b6","processorType":"org.apache.nifi.processors.attributes.UpdateAttribute","key":"metadata.table.targetTblProperties","value":"${metadata.table.targetTblProperties}","expressionProperties":null,"propertyDescriptor":{"name":"metadata.table.targetTblProperties","displayName":"metadata.table.targetTblProperties","description":"","defaultValue":null,"allowableValues":null,"required":false,"sensitive":false,"dynamic":true,"supportsEl":true,"identifiesControllerService":null},"templateValue":"${metadata.table.targetTblProperties}","userEditable":false,"renderType":"text","renderOptions":{},"selected":true,"inputProperty":false,"containsConfigurationVariables":false,"sensitive":false,"required":false,"templateProperty":null,"idKey":"3726bb82-015d-1000-0c4e-f2572b2cc5b6-092750e7-0c2a-3039-c16f-ca5b0482b909-metadata.table.targetTblProperties","processorNameTypeKey":"Update flow parameters-org.apache.nifi.processors.attributes.UpdateAttribute-metadata.table.targetTblProperties","nameKey":"NiFi Flow-Update flow parameters-metadata.table.targetTblProperties"},{"processGroupName":"NiFi Flow","processorName":"Update flow parameters","processorId":"092750e7-0c2a-3039-c16f-ca5b0482b909","processGroupId":"3726bb82-015d-1000-0c4e-f2572b2cc5b6","processorType":"org.apache.nifi.processors.attributes.UpdateAttribute","key":"spark.version","value":"${config.spark.version}","expressionProperties":null,"propertyDescriptor":{"name":"spark.version","displayName":"spark.version","description":"","defaultValue":null,"allowableValues":null,"required":false,"sensitive":false,"dynamic":true,"supportsEl":true,"identifiesControllerService":null},"templateValue":"${config.spark.version}","userEditable":false,"renderType":"text","renderOptions":{},"selected":true,"inputProperty":false,"containsConfigurationVariables":false,"sensitive":false,"required":false,"templateProperty":null,"idKey":"3726bb82-015d-1000-0c4e-f2572b2cc5b6-092750e7-0c2a-3039-c16f-ca5b0482b909-spark.version","processorNameTypeKey":"Update flow parameters-org.apache.nifi.processors.attributes.UpdateAttribute-spark.version","nameKey":"NiFi Flow-Update flow parameters-spark.version"}],"type":"org.apache.nifi.processors.attributes.UpdateAttribute","name":"Update flow parameters","id":"092750e7-0c2a-3039-c16f-ca5b0482b909","groupName":"NiFi Flow","groupId":"3726bb82-015d-1000-0c4e-f2572b2cc5b6","inputProcessor":false,"userDefinedInputProcessor":false}],"inputProcessors":[{"properties":[],"type":"org.apache.nifi.processors.standard.GenerateFlowFile","name":"Run Feed","id":"7de2aee1-f924-3862-0000-000000000000","groupName":null,"groupId":"8afd1ea8-d8a4-3186-0000-000000000000","inputProcessor":true,"userDefinedInputProcessor":false}],"id":"5247d877-be0e-4af1-aa77-8ce0c6a09737","nifiTemplateId":"e7e24259-000f-4d4e-84df-e5297fb06f56","templateName":"Data Transformation","updateDate":1522850400751,"createDate":1504647118557,"icon":"all_inclusive","iconColor":"#AB47BC","description":"Data Transformation","state":"ENABLED","defineTable":false,"reusableTemplate":false,"reusableTemplateConnections":[{"feedOutputPortName":"to-wrangler-cleanup-port","reusableTemplateInputPortName":"wrangler-cleanup-port","inputPortDisplayName":"wrangler-cleanup-port"},{"feedOutputPortName":"to-wrangler-port","reusableTemplateInputPortName":"wrangler-input-port","inputPortDisplayName":"wrangler-input-port"}],"registeredDatasourceDefinitions":[{"processorType":"com.thinkbiganalytics.nifi.v2.ingest.MergeTable","processorName":"Merge Table","processorId":"79024b72-a1f8-1d9c-8515-5560fcfcb71f","datasourceDefinition":{"processorType":"com.thinkbiganalytics.nifi.v2.ingest.MergeTable","connectionType":"DESTINATION","datasourcePropertyKeys":["Target schema","Target table"],"datasourceType":"HiveDatasource","identityString":"${Target schema}.${Target table}","description":null,"title":"${Target schema}.${Target table}"}}],"order":2,"templateOrder":null,"feedsCount":2,"templateTableOption":"DATA_TRANSFORMATION","timeBetweenStartingBatchJobs":1000,"stream":false,"allowPreconditions":false,"dataTransformation":true,"isStream":false},"userProperties":[],"hadoopSecurityGroups":null,"hadoopAuthorizationType":null,"securityGroups":[],"usedByFeeds":[],"userDatasources":null,"tableOption":{},"categoryId":"06ba23f0-d2ab-44d6-814f-1937a1b49472","categoryIcon":"account_balance","categoryIconColor":"#90A4AE","categoryAndFeedDisplayName":"USPS.City state demographics","categoryName":"USPS","new":false,"systemCategoryName":"usps","reusableFeed":false}