{"owner":{"displayName":"Data Lake Administrator","email":null,"enabled":true,"groups":["admin","user"],"systemName":"dladmin"},"allowedActions":{"actions":[{"systemName":"accessFeed","actions":[{"systemName":"editFeedSummary"},{"systemName":"accessFeedDetails","actions":[{"systemName":"editFeedDetails"},{"systemName":"deleteFeed"},{"systemName":"enableFeed"},{"systemName":"exportFeed"}]},{"systemName":"accessFeedOperations"},{"systemName":"changeFeedPermissions"}]}]},"id":"6cc9bec3-5113-486e-af49-22ad8d9ab589","feedId":"6cc9bec3-5113-486e-af49-22ad8d9ab589","templateId":"030ac094-0ae7-491a-9a14-fe3049180371","inputProcessorType":"org.apache.nifi.processors.standard.GenerateFlowFile","inputProcessorName":"InitiateArtifactExport","templateName":"Export Artifacts","properties":[{"processGroupName":"NiFi Flow","processorName":"IntializeExportParameters","processorId":"c00bd24b-7873-3328-0000-000000000000","processGroupId":"a88b2fdb-a22b-3684-0000-000000000000","processorType":"org.apache.nifi.processors.attributes.UpdateAttribute","key":"Name","value":"Export Kylo feed","expressionProperties":null,"propertyDescriptor":{"name":"Name","displayName":"Name","description":"","defaultValue":null,"allowableValues":null,"required":false,"sensitive":false,"dynamic":true,"supportsEl":true,"identifiesControllerService":null},"templateValue":null,"userEditable":true,"renderType":"text","renderOptions":null,"selected":false,"inputProperty":false,"containsConfigurationVariables":false,"sensitive":false,"required":false,"templateProperty":null,"idKey":"a88b2fdb-a22b-3684-0000-000000000000-c00bd24b-7873-3328-0000-000000000000-Name","processorNameTypeKey":"IntializeExportParameters-org.apache.nifi.processors.attributes.UpdateAttribute-Name","nameKey":"NiFi Flow-IntializeExportParameters-Name"},{"processGroupName":"NiFi Flow","processorName":"IntializeExportParameters","processorId":"c00bd24b-7873-3328-0000-000000000000","processGroupId":"a88b2fdb-a22b-3684-0000-000000000000","processorType":"org.apache.nifi.processors.attributes.UpdateAttribute","key":"Type","value":"feeds","expressionProperties":null,"propertyDescriptor":{"name":"Type","displayName":"Type","description":"","defaultValue":null,"allowableValues":null,"required":false,"sensitive":false,"dynamic":true,"supportsEl":true,"identifiesControllerService":null},"templateValue":null,"userEditable":true,"renderType":"select","renderOptions":{},"selected":false,"inputProperty":false,"containsConfigurationVariables":false,"sensitive":false,"required":false,"templateProperty":null,"idKey":"a88b2fdb-a22b-3684-0000-000000000000-c00bd24b-7873-3328-0000-000000000000-Type","processorNameTypeKey":"IntializeExportParameters-org.apache.nifi.processors.attributes.UpdateAttribute-Type","nameKey":"NiFi Flow-IntializeExportParameters-Type"}],"schedule":{"processorId":null,"schedulingPeriod":"30 sec","schedulingStrategy":"TIMER_DRIVEN","concurrentTasks":1,"executionNode":null,"preconditions":null},"feedName":"Export Kylo feed","systemFeedName":"export_kylo_feed","category":{"owner":null,"allowedActions":null,"roleMemberships":[],"feedRoleMemberships":[],"id":"71c1b793-0f40-402c-a5a0-de3062f9e5e6","name":"System","systemName":"system","icon":"cloud","iconColor":"#FFCA28","description":"System Data","allowIndexing":false,"securityGroups":null,"userFields":null,"userProperties":null,"relatedFeeds":0,"createDate":1520786347020,"updateDate":1523564471106},"table":{"fieldStructure":"","existingTableName":null,"tableSchema":{"name":"export_kylo_feed","description":null,"charset":null,"properties":{},"fields":[],"schemaName":null,"databaseName":null,"id":null},"sourceTableSchema":{"name":"NA","description":null,"charset":null,"properties":{},"fields":[],"schemaName":null,"databaseName":null,"id":null},"feedTableSchema":{"name":null,"description":null,"charset":null,"properties":{},"fields":[],"schemaName":null,"databaseName":null,"id":null},"method":"SAMPLE_FILE","description":"","fieldPolicies":[],"partitions":[],"tableType":null,"incrementalDateField":null,"sourceTableIncrementalDateField":null,"options":{"compress":false,"auditLogging":true,"encrypt":false,"trackHistory":false,"compressionFormat":null},"feedFormat":"ROW FORMAT SERDE 'org.apache.hadoop.hive.serde2.OpenCSVSerde' WITH SERDEPROPERTIES ( 'separatorChar' = ',' ,'escapeChar' = '\\\\' ,'quoteChar' = '\"') STORED AS TEXTFILE","targetFormat":null,"targetTblProperties":"","targetMergeStrategy":"DEDUPE_AND_MERGE","fieldPoliciesJson":"[]","fieldIndexString":"","partitionStructure":"","partitionSpecs":"","fieldsString":"","sourceFields":"NA","sourceFieldsCommaString":"NA","feedFieldStructure":"","nullableFields":"","primaryKeyFields":"","sourceTargetFieldMap":{},"targetSourceFieldMap":{}},"createDate":1523557187811,"updateDate":1523557187811,"dataTransformation":{"chartViewModel":null,"datasourceIds":null,"dataTransformScript":null,"sql":null,"states":[]},"active":true,"state":"ENABLED","nifiProcessGroupId":"bc164862-0162-1000-7c47-d3849ca7efc8","options":{"skipHeader":false},"registeredTemplate":{"owner":{"displayName":"Data Lake Administrator","email":null,"enabled":true,"groups":["admin","user"],"systemName":"dladmin"},"allowedActions":{"actions":[{"systemName":"accessTemplate","actions":[{"systemName":"editTemplate"},{"systemName":"deleteTemplate"},{"systemName":"exportTemplate"},{"systemName":"createFeedFromTemplate"},{"systemName":"changeTemplatePermissions"}]}]},"roleMemberships":[],"feedRoleMemberships":[],"properties":[{"processGroupName":"NiFi Flow","processorName":"IntializeExportParameters","processorId":"c00bd24b-7873-3328-9ac2-49ccb31efa44","processGroupId":"bb07e7d5-0162-1000-e712-e3d103f2192a","processorType":"org.apache.nifi.processors.attributes.UpdateAttribute","key":"Name","value":"Convert IBM Data","expressionProperties":null,"propertyDescriptor":{"name":"Name","displayName":"Name","description":"","defaultValue":null,"allowableValues":null,"required":false,"sensitive":false,"dynamic":true,"supportsEl":true,"identifiesControllerService":null},"templateValue":"Convert IBM Data","userEditable":true,"renderType":"text","renderOptions":{},"selected":true,"inputProperty":false,"containsConfigurationVariables":false,"sensitive":false,"required":false,"templateProperty":null,"idKey":"bb07e7d5-0162-1000-e712-e3d103f2192a-c00bd24b-7873-3328-9ac2-49ccb31efa44-Name","processorNameTypeKey":"IntializeExportParameters-org.apache.nifi.processors.attributes.UpdateAttribute-Name","nameKey":"NiFi Flow-IntializeExportParameters-Name"},{"processGroupName":"NiFi Flow","processorName":"IntializeExportParameters","processorId":"c00bd24b-7873-3328-9ac2-49ccb31efa44","processGroupId":"bb07e7d5-0162-1000-e712-e3d103f2192a","processorType":"org.apache.nifi.processors.attributes.UpdateAttribute","key":"Type","value":"nifi templates","expressionProperties":null,"propertyDescriptor":{"name":"Type","displayName":"Type","description":"","defaultValue":null,"allowableValues":null,"required":false,"sensitive":false,"dynamic":true,"supportsEl":true,"identifiesControllerService":null},"templateValue":"nifi templates","userEditable":true,"renderType":"select","renderOptions":{"selectCustom":"true","selectOptions":"[\"templates\",\"feeds\",\"nifi templates\"]"},"selected":true,"inputProperty":false,"containsConfigurationVariables":false,"sensitive":false,"required":false,"templateProperty":null,"idKey":"bb07e7d5-0162-1000-e712-e3d103f2192a-c00bd24b-7873-3328-9ac2-49ccb31efa44-Type","processorNameTypeKey":"IntializeExportParameters-org.apache.nifi.processors.attributes.UpdateAttribute-Type","nameKey":"NiFi Flow-IntializeExportParameters-Type"}],"nonInputProcessors":null,"inputProcessors":[{"properties":[],"type":"org.apache.nifi.processors.standard.GenerateFlowFile","name":"InitiateArtifactExport","id":"cecfd18f-3215-3ec3-0000-000000000000","groupName":null,"groupId":"a88b2fdb-a22b-3684-0000-000000000000","inputProcessor":true,"userDefinedInputProcessor":false}],"id":"030ac094-0ae7-491a-9a14-fe3049180371","nifiTemplateId":"ef8a5bde-6a1d-401e-9aae-ab2c9432939d","templateName":"Export Artifacts","updateDate":1523564471106,"createDate":1523556482748,"icon":"logout","iconColor":"#66BB6A","description":null,"state":"ENABLED","defineTable":false,"reusableTemplate":false,"reusableTemplateConnections":[],"registeredDatasourceDefinitions":[{"processorType":"org.apache.nifi.processors.standard.PutFile","processorName":"StageGitHubFile","processorId":"38c522a8-7a72-33e2-0000-000000000000","datasourceDefinition":{"processorType":"org.apache.nifi.processors.standard.PutFile","connectionType":"DESTINATION","datasourcePropertyKeys":["Directory"],"datasourceType":"DirectoryDatasource","identityString":"${Directory}","description":null,"title":"${Directory}"}}],"order":6,"templateOrder":null,"feedsCount":3,"templateTableOption":"NO_TABLE","timeBetweenStartingBatchJobs":1000,"stream":false,"allowPreconditions":false,"dataTransformation":false,"isStream":false},"allowIndexing":true,"historyReindexingStatus":"NEVER_RUN","categoryIcon":"cloud","categoryIconColor":"#FFCA28","categoryName":"System","systemCategoryName":"system","categoryAndFeedDisplayName":"System.Export Kylo feed","new":false,"categoryId":"71c1b793-0f40-402c-a5a0-de3062f9e5e6","reusableFeed":false}