{"owner":{"displayName":"Data Lake Administrator","email":null,"enabled":true,"groups":["admin","user"],"systemName":"dladmin"},"allowedActions":{"actions":[{"systemName":"accessTemplate","actions":[{"systemName":"editTemplate"},{"systemName":"deleteTemplate"},{"systemName":"exportTemplate"},{"systemName":"createFeedFromTemplate"},{"systemName":"changeTemplatePermissions"}]}]},"roleMemberships":[],"feedRoleMemberships":[],"properties":[{"processGroupName":"NiFi Flow","processorName":"IntializeExportParameters","processorId":"c00bd24b-7873-3328-9ac2-49ccb31efa44","processGroupId":"bb07e7d5-0162-1000-e712-e3d103f2192a","processorType":"org.apache.nifi.processors.attributes.UpdateAttribute","key":"Name","value":"Convert IBM Data","expressionProperties":null,"propertyDescriptor":{"name":"Name","displayName":"Name","description":"","defaultValue":null,"allowableValues":null,"required":false,"sensitive":false,"dynamic":true,"supportsEl":true,"identifiesControllerService":null},"templateValue":"Convert IBM Data","userEditable":true,"renderType":"text","renderOptions":{},"selected":true,"inputProperty":false,"containsConfigurationVariables":false,"sensitive":false,"required":false,"templateProperty":null,"idKey":"bb07e7d5-0162-1000-e712-e3d103f2192a-c00bd24b-7873-3328-9ac2-49ccb31efa44-Name","processorNameTypeKey":"IntializeExportParameters-org.apache.nifi.processors.attributes.UpdateAttribute-Name","nameKey":"NiFi Flow-IntializeExportParameters-Name"},{"processGroupName":"NiFi Flow","processorName":"IntializeExportParameters","processorId":"c00bd24b-7873-3328-9ac2-49ccb31efa44","processGroupId":"bb07e7d5-0162-1000-e712-e3d103f2192a","processorType":"org.apache.nifi.processors.attributes.UpdateAttribute","key":"Type","value":"nifi templates","expressionProperties":null,"propertyDescriptor":{"name":"Type","displayName":"Type","description":"","defaultValue":null,"allowableValues":null,"required":false,"sensitive":false,"dynamic":true,"supportsEl":true,"identifiesControllerService":null},"templateValue":"nifi templates","userEditable":true,"renderType":"select","renderOptions":{"selectCustom":"true","selectOptions":"[\"templates\",\"feeds\",\"nifi templates\"]"},"selected":true,"inputProperty":false,"containsConfigurationVariables":false,"sensitive":false,"required":false,"templateProperty":null,"idKey":"bb07e7d5-0162-1000-e712-e3d103f2192a-c00bd24b-7873-3328-9ac2-49ccb31efa44-Type","processorNameTypeKey":"IntializeExportParameters-org.apache.nifi.processors.attributes.UpdateAttribute-Type","nameKey":"NiFi Flow-IntializeExportParameters-Type"}],"nonInputProcessors":[{"properties":[{"processGroupName":"NiFi Flow","processorName":"IntializeExportParameters","processorId":"c00bd24b-7873-3328-9ac2-49ccb31efa44","processGroupId":"bb07e7d5-0162-1000-e712-e3d103f2192a","processorType":"org.apache.nifi.processors.attributes.UpdateAttribute","key":"Name","value":"Convert IBM Data","expressionProperties":null,"propertyDescriptor":{"name":"Name","displayName":"Name","description":"","defaultValue":null,"allowableValues":null,"required":false,"sensitive":false,"dynamic":true,"supportsEl":true,"identifiesControllerService":null},"templateValue":"Convert IBM Data","userEditable":true,"renderType":"text","renderOptions":{},"selected":true,"inputProperty":false,"containsConfigurationVariables":false,"sensitive":false,"required":false,"templateProperty":null,"idKey":"bb07e7d5-0162-1000-e712-e3d103f2192a-c00bd24b-7873-3328-9ac2-49ccb31efa44-Name","processorNameTypeKey":"IntializeExportParameters-org.apache.nifi.processors.attributes.UpdateAttribute-Name","nameKey":"NiFi Flow-IntializeExportParameters-Name"},{"processGroupName":"NiFi Flow","processorName":"IntializeExportParameters","processorId":"c00bd24b-7873-3328-9ac2-49ccb31efa44","processGroupId":"bb07e7d5-0162-1000-e712-e3d103f2192a","processorType":"org.apache.nifi.processors.attributes.UpdateAttribute","key":"Type","value":"nifi templates","expressionProperties":null,"propertyDescriptor":{"name":"Type","displayName":"Type","description":"","defaultValue":null,"allowableValues":null,"required":false,"sensitive":false,"dynamic":true,"supportsEl":true,"identifiesControllerService":null},"templateValue":"nifi templates","userEditable":true,"renderType":"select","renderOptions":{"selectCustom":"true","selectOptions":"[\"templates\",\"feeds\",\"nifi templates\"]"},"selected":true,"inputProperty":false,"containsConfigurationVariables":false,"sensitive":false,"required":false,"templateProperty":null,"idKey":"bb07e7d5-0162-1000-e712-e3d103f2192a-c00bd24b-7873-3328-9ac2-49ccb31efa44-Type","processorNameTypeKey":"IntializeExportParameters-org.apache.nifi.processors.attributes.UpdateAttribute-Type","nameKey":"NiFi Flow-IntializeExportParameters-Type"}],"type":"org.apache.nifi.processors.attributes.UpdateAttribute","name":"IntializeExportParameters","id":"c00bd24b-7873-3328-9ac2-49ccb31efa44","groupName":"NiFi Flow","groupId":"bb07e7d5-0162-1000-e712-e3d103f2192a","inputProcessor":false,"userDefinedInputProcessor":false}],"inputProcessors":[],"id":"030ac094-0ae7-491a-9a14-fe3049180371","nifiTemplateId":"ef8a5bde-6a1d-401e-9aae-ab2c9432939d","templateName":"Export Artifacts","updateDate":1523564471106,"createDate":1523556482748,"icon":"logout","iconColor":"#66BB6A","description":null,"state":"ENABLED","defineTable":false,"reusableTemplate":false,"reusableTemplateConnections":[],"registeredDatasourceDefinitions":[{"processorType":"org.apache.nifi.processors.standard.PutFile","processorName":"StageGitHubFile","processorId":"38c522a8-7a72-33e2-0000-000000000000","datasourceDefinition":{"processorType":"org.apache.nifi.processors.standard.PutFile","connectionType":"DESTINATION","datasourcePropertyKeys":["Directory"],"datasourceType":"DirectoryDatasource","identityString":"${Directory}","description":null,"title":"${Directory}"}}],"order":6,"templateOrder":null,"feedsCount":3,"templateTableOption":"NO_TABLE","timeBetweenStartingBatchJobs":1000,"stream":false,"allowPreconditions":false,"dataTransformation":false,"isStream":false}